voltage1 (V),voltage2 (V)
1.4505000000000001,1.748
1.5925,1.6045
1.55725,1.6285
1.479875,1.747125
1.63475,1.60725
1.648625,1.5645
1.518125,1.756625
1.6320000000000001,1.6756250000000001
1.71375,1.495625
1.58625,1.6665
1.604,1.708625
1.7301250000000001,1.558375
1.65625,1.6320000000000001
1.598375,1.72675
1.748875,1.620625
1.732875,1.562
1.601375,1.6968750000000001
1.720625,1.6456250000000001
1.778875,1.52475
1.643875,1.690375
1.688,1.683125
1.792125,1.558125
1.6872500000000001,1.672125
1.6615,1.7710000000000001
1.79925,1.623625
1.7381250000000001,1.56925
1.631625,1.702
1.796,1.6403750000000001
1.8178750000000001,1.560625
1.645875,1.68775
1.720875,1.657125
1.82775,1.54975
1.69475,1.6656250000000001
1.6772500000000001,1.686625
1.81725,1.59025
1.7513750000000001,1.629625
1.6616250000000001,1.6935
1.79175,1.577625
1.801375,1.572625
1.662625,1.737125
1.738875,1.6905000000000001
1.828125,1.567
1.69825,1.6772500000000001
1.712375,1.6872500000000001
1.8358750000000001,1.524
1.733625,1.6187500000000001
1.672625,1.742875
1.8275000000000001,1.5965
1.7915,1.52775
1.636875,1.691125
1.77775,1.6875
1.84625,1.60525
1.69175,1.695625
1.72825,1.65775
1.83225,1.554875
1.7115,1.664125
1.685875,1.6772500000000001
1.820125,1.570875
1.750875,1.60575
1.65475,1.737
1.798125,1.600375
1.807125,1.5365
1.66025,1.717
1.75875,1.715125
1.831,1.589375
1.69175,1.686625
1.69225,1.685125
1.8178750000000001,1.5005
1.71125,1.532
1.644125,1.7105000000000001
1.816,1.706625
1.798,1.66275
1.6476250000000001,1.724875
1.75675,1.606875
1.810625,1.504375
1.673,1.694
1.723875,1.6835
1.8135000000000001,1.522375
1.675125,1.65275
1.664375,1.7255
1.8198750000000001,1.564125
1.7393750000000001,1.6280000000000001
1.6365,1.759125
1.789625,1.640625
1.7962500000000001,1.5498750000000001
1.6420000000000001,1.7055
1.71875,1.661
1.8006250000000001,1.513125
1.679875,1.661125
1.658125,1.729875
1.782125,1.5735000000000001
1.713125,1.62025
1.63525,1.729125
1.76875,1.6075
1.7613750000000001,1.585875
1.6295,1.727875
1.719625,1.6636250000000001
1.7882500000000001,1.52075
1.639625,1.663375
1.64525,1.695375
1.797375,1.6125
1.72125,1.682
1.621375,1.73825
1.757875,1.622125
1.7655,1.585375
1.62525,1.728625
1.7181250000000001,1.672375
1.78075,1.552625
1.6485,1.689125
1.664875,1.731
1.789375,1.553
1.6952500000000001,1.59275
1.623125,1.728375
1.763125,1.6235
1.75925,1.590125
1.6245,1.748625
1.7081250000000001,1.6620000000000001
1.76925,1.5382500000000001
1.6245,1.687875
1.65125,1.723875
1.781125,1.584625
1.694375,1.643375
1.612625,1.748625
1.7373750000000001,1.6145
1.71475,1.564125
1.590875,1.749125
1.714375,1.699125
1.766375,1.55875
1.610875,1.66425
1.6395,1.678625
1.769125,1.598375
1.6625,1.681875
1.593875,1.707375
1.7497500000000001,1.6203750000000001
1.7257500000000001,1.6265
1.5967500000000001,1.757625
1.7225000000000001,1.678
1.749,1.57975
1.596125,1.711375
1.66575,1.67025
1.763125,1.574625
1.652875,1.7101250000000001
1.631375,1.739
1.750625,1.581
1.67775,1.593875
1.59175,1.76425
1.738,1.651875
1.7381250000000001,1.5745
1.5835000000000001,1.7325
1.674375,1.692
1.759125,1.55575
1.621125,1.68075
1.628125,1.743625
1.766125,1.62325
1.674,1.670875
1.5895000000000001,1.748875
1.736625,1.627125
1.72125,1.6143750000000001
1.5845,1.745625
1.684,1.65375
1.7435,1.564625
1.600875,1.723
1.636125,1.73275
1.757875,1.5535
1.649875,1.66275
1.59925,1.783375
1.74275,1.6403750000000001
1.689125,1.619375
1.56825,1.715
1.705375,1.643875
1.748125,1.6125
1.594125,1.752125
1.650625,1.7353750000000001
1.7553750000000001,1.580375
1.633375,1.6785
1.603625,1.714875
1.74,1.613875
1.6825,1.661875
1.582625,1.752625
1.7048750000000001,1.614
1.721125,1.60625
1.585875,1.7653750000000001
1.6815,1.68
1.744375,1.549125
1.6005,1.71525
1.624,1.750625
1.746625,1.56275
1.637875,1.607
1.572875,1.785875
1.728625,1.66275
1.706,1.646875
1.571125,1.749875
1.6748750000000001,1.6475
1.7237500000000001,1.550375
1.586375,1.744125
1.6325,1.75225
1.7413750000000001,1.56275
1.63625,1.650625
1.58,1.7365
1.7197500000000001,1.6227500000000001
1.689,1.626625
1.592,1.726625
1.693625,1.5622500000000001
1.709125,1.559625
1.580875,1.7733750000000001
1.6592500000000001,1.723875
1.7453750000000001,1.563125
1.5915000000000001,1.6675
1.59125,1.7341250000000001
1.751125,1.602
1.6865,1.634125
1.572625,1.7195
1.70325,1.635625
1.71575,1.602
1.56475,1.73925
1.671875,1.6736250000000001
1.7321250000000001,1.53375
1.581375,1.66875
1.6087500000000001,1.72625
1.745125,1.601875
1.659875,1.658625
1.586125,1.744625
1.721875,1.643375
1.701,1.56275
1.565125,1.69825
1.683375,1.66425
1.725125,1.58225
1.579625,1.735125
1.64325,1.729375
1.7473750000000001,1.5515
1.6195,1.644625
1.5785,1.7433750000000001
1.733,1.605
1.6675,1.594875
1.55925,1.75475
1.6955,1.673375
1.7085000000000001,1.577
1.543,1.706375
1.612625,1.681375
1.70775,1.57875
1.5765,1.716375
1.55975,1.750625
1.6875,1.602125
1.601,1.660125
1.5155,1.762625
1.6600000000000001,1.6307500000000001
1.657,1.577375
1.5130000000000001,1.7635
1.6091250000000001,1.71475
1.680375,1.5675000000000001
1.5346250000000001,1.694375
1.5625,1.735125
1.6932500000000001,1.59075
1.591,1.6243750000000001
1.519875,1.71775
1.675375,1.59575
1.617375,1.651875
1.5465,1.79325
1.696125,1.676625
1.689,1.6105
1.541625,1.726375
1.654875,1.665875
1.72525,1.5598750000000001
1.574125,1.702625
1.607875,1.704
1.73275,1.554125
1.640625,1.6495
1.5755000000000001,1.736875
1.712375,1.58075
1.67875,1.568
1.576875,1.783625
1.71775,1.707375
1.74625,1.582875
1.58375,1.69925
1.633625,1.67775
1.744,1.568875
1.6323750000000001,1.693875
1.61,1.737125
1.7425,1.590875
1.6755,1.608375
1.623,1.74
1.752,1.584875
1.652875,1.642125
1.58125,1.736
1.741625,1.652125
1.722625,1.61425
1.57625,1.745125
1.6912500000000001,1.664625
1.748125,1.5305
1.603875,1.685
1.63525,1.72075
1.75,1.575125
1.640625,1.626875
1.589625,1.750375
1.7570000000000001,1.6572500000000001
1.72625,1.619625
1.57775,1.749875
1.68825,1.67775
1.739,1.559375
1.603375,1.692375
1.6343750000000001,1.668375
1.732625,1.518375
1.636875,1.705125
1.6035,1.79925
1.742875,1.61725
1.707,1.6103750000000001
1.57175,1.7381250000000001
1.7235,1.646875
1.7337500000000001,1.591375
1.587625,1.74025
1.676125,1.674375
1.750125,1.54575
1.602,1.701
1.63025,1.732875
1.77075,1.58975
1.68475,1.6320000000000001
1.5865,1.7325
1.725875,1.630125
1.729875,1.595375
1.585625,1.729625
1.6868750000000001,1.68375
1.74725,1.529625
1.610125,1.686625
1.626125,1.749625
1.75675,1.601875
1.68075,1.6496250000000001
1.5931250000000001,1.7615
1.733,1.636875
1.707625,1.5975000000000001
1.577125,1.744125
1.73275,1.634625
1.7105000000000001,1.6031250000000001
1.577625,1.741
1.70625,1.6265
1.734875,1.543
1.577625,1.746625
1.689375,1.697375
1.747875,1.571
1.58975,1.738375
1.664875,1.700375
1.7537500000000001,1.5482500000000001
1.604625,1.7028750000000001
1.6380000000000001,1.727375
1.7610000000000001,1.5911250000000001
1.649,1.673125
1.60175,1.75275
1.756125,1.60825
1.70725,1.564875
1.587625,1.7465
1.7201250000000001,1.666875
1.756125,1.567625
1.601375,1.746125
1.68225,1.721625
1.7477500000000001,1.570375
1.61325,1.6885000000000001
1.62725,1.73225
1.761125,1.576125
1.663875,1.66025
1.5971250000000001,1.71775
1.7445,1.61375
1.70275,1.657375
1.596125,1.755625
1.729875,1.630125
1.728375,1.608125
1.5845,1.747125
1.687375,1.664125
1.750125,1.545625
1.6055,1.70875
1.6463750000000001,1.741875
1.753625,1.5885
1.64075,1.6545
1.597875,1.738375
1.746375,1.607375
1.714,1.626625
1.589,1.78925
1.719375,1.67875
1.740875,1.564625
1.577125,1.71125
1.6728750000000001,1.696375
1.75525,1.57325
1.57625,1.731
1.671875,1.662875
1.7397500000000001,1.560125
1.5935000000000001,1.736875
1.659875,1.71375
1.743625,1.571625
1.61325,1.666
1.609625,1.716375
1.74825,1.619375
1.670375,1.685125
1.588625,1.764625
1.74275,1.6475
1.713125,1.61425
1.581,1.749125
1.7,1.64575
1.7305,1.5355
1.5755000000000001,1.741625
1.677125,1.71825
1.755125,1.580125
1.60425,1.6745
1.61825,1.705875
1.7493750000000001,1.619375
1.6485,1.7041250000000001
1.594625,1.74125
1.748625,1.6005
1.6928750000000001,1.6585
1.5911250000000001,1.7385
1.7285,1.602875
1.699375,1.619375
1.58375,1.798
1.7201250000000001,1.683375
1.7377500000000001,1.56925
1.5715000000000001,1.717875
1.67575,1.658625
1.735875,1.5602500000000001
1.594875,1.728
1.649375,1.705625
1.753125,1.560125
1.6416250000000001,1.683625
1.60525,1.750875
1.745625,1.604125
1.687875,1.6285
1.584125,1.74725
1.71925,1.6325
1.7125000000000001,1.627
1.57325,1.75725
1.70475,1.624125
1.68475,1.61225
1.546375,1.749125
1.681,1.671
1.6545,1.637
1.516,1.745
1.6645,1.63975
1.692,1.5991250000000001
1.548,1.770875
1.65175,1.6375
1.666125,1.551
1.52225,1.75125
1.612125,1.706625
1.6835,1.57125
1.54075,1.71725
1.576,1.71175
1.692625,1.5795000000000001
1.57375,1.69225
1.523625,1.7457500000000001
1.670125,1.600125
1.619625,1.60625
1.50975,1.73875
1.6465,1.6403750000000001
1.65775,1.5951250000000001
1.510375,1.752875
1.619125,1.688375
1.688,1.57025
1.544125,1.717375
1.58225,1.69725
1.692,1.559
1.572375,1.6776250000000001
1.533875,1.731375
1.68275,1.615375
1.63125,1.6443750000000001
1.526,1.73325
1.6736250000000001,1.669125
1.66975,1.623875
1.5246250000000001,1.7535
1.635875,1.683
1.701,1.56175
1.563125,1.705
1.606875,1.6985000000000001
1.7161250000000001,1.578125
1.613,1.683375
1.595875,1.707
1.724875,1.557125
1.655375,1.628625
1.578,1.78475
1.732625,1.662125
1.743,1.577
1.591625,1.707375
1.6852500000000001,1.673125
1.77275,1.562375
1.629875,1.68475
1.63725,1.72825
1.7775,1.574
1.697,1.62425
1.6145,1.732
1.7577500000000001,1.638875
1.7533750000000001,1.604
1.613875,1.7265000000000001
1.712,1.633
1.76875,1.528
1.63725,1.703
1.66825,1.749125
1.79525,1.5925
1.69475,1.6435
1.62,1.735125
1.7686250000000001,1.618
1.76025,1.5855000000000001
1.61975,1.720875
1.723625,1.651125
1.781625,1.55075
1.6440000000000001,1.709875
1.673,1.7105000000000001
1.7945,1.576375
1.692625,1.66375
1.626875,1.7413750000000001
1.7733750000000001,1.607875
1.756625,1.5855000000000001
1.624625,1.743125
1.746,1.6555
1.7725,1.5485
1.617125,1.68875
1.683875,1.709
1.797125,1.574625
1.62975,1.71675
1.69,1.699625
1.785375,1.55775
1.650625,1.67225
1.64325,1.714625
1.7845,1.6091250000000001
1.7165000000000001,1.6696250000000001
1.633875,1.721
1.77525,1.614625
1.725375,1.672
1.63225,1.740375
1.7726250000000001,1.616
1.729875,1.59
1.6187500000000001,1.729875
1.7553750000000001,1.64575
1.7706250000000001,1.572375
1.6145,1.718
1.69575,1.683375
1.761125,1.576125
1.6167500000000001,1.69575
1.68875,1.64175
1.7690000000000001,1.581
1.6340000000000001,1.742625
1.65675,1.697875
1.76275,1.534
1.664125,1.6795
1.6183750000000001,1.771125
1.76425,1.607625
1.71625,1.595
1.59275,1.7405
1.7321250000000001,1.6435
1.7513750000000001,1.566625
1.606375,1.720375
1.69275,1.67375
1.7685,1.570875
1.6365,1.70875
1.657,1.705625
1.77775,1.5838750000000001
1.6788750000000001,1.664875
1.614875,1.730625
1.7615,1.609375
1.728,1.6091250000000001
1.606625,1.7615
1.7405,1.657875
1.7635,1.54125
1.608125,1.71175
1.69075,1.70275
1.7766250000000001,1.562
1.637625,1.6745
1.630625,1.6988750000000001
1.7633750000000001,1.587625
1.684625,1.6695
1.6111250000000001,1.7493750000000001
1.745,1.602875
1.712375,1.594375
1.588,1.746625
1.7068750000000001,1.682375
1.7530000000000001,1.5595
1.5945,1.711375
1.6425,1.7237500000000001
1.755125,1.563125
1.647875,1.643125
1.614625,1.729
1.754,1.6223750000000001
1.683125,1.639375
1.581375,1.7425
1.728375,1.6123750000000001
1.729125,1.569125
1.5818750000000001,1.744625
1.7215,1.645375
1.7435,1.52925
1.58775,1.714625
1.676625,1.705875
1.7555,1.56975
1.610625,1.70025
1.6215,1.747125
1.75725,1.5911250000000001
1.673875,1.6360000000000001
1.582375,1.751625
1.7055,1.6091250000000001
1.717375,1.58075
1.60025,1.753875
1.703,1.69775
1.75475,1.55475
1.60625,1.687
1.6335,1.73525
1.7613750000000001,1.5765
1.659375,1.635
1.580375,1.747625
1.725125,1.6287500000000001
1.7108750000000001,1.621125
1.58375,1.764875
1.697125,1.62625
1.727375,1.535875
1.590875,1.748
1.6625,1.727375
1.756,1.561125
1.629625,1.6685
1.609875,1.728625
1.754625,1.61
1.6988750000000001,1.648625
1.587,1.7613750000000001
1.7088750000000001,1.632625
1.729375,1.571375
1.58825,1.730625
1.662125,1.702125
1.74025,1.56825
1.6183750000000001,1.67075
1.6125,1.71125
1.7435,1.593625
1.6695,1.637875
1.5798750000000001,1.7401250000000001
1.717125,1.61175
1.718375,1.601375
1.589375,1.7842500000000001
1.6905000000000001,1.681
1.7341250000000001,1.557375
1.594125,1.7145000000000001
1.621125,1.71025
1.7365,1.534875
1.64575,1.665375
1.604125,1.75875
1.750125,1.59925
1.7075,1.59625
1.57075,1.727
1.691,1.627875
1.7393750000000001,1.56775
1.586125,1.72625
1.6403750000000001,1.687
1.748,1.56975
1.6505,1.690375
1.609875,1.725875
1.7075,1.591375
1.6685,1.630875
1.588625,1.7686250000000001
1.71425,1.659
1.715875,1.5575
1.5705,1.717125
1.66025,1.687375
1.738875,1.537375
1.5831250000000001,1.65625
1.603625,1.7510000000000001
1.75925,1.6195
1.676125,1.667875
1.59,1.737875
1.725625,1.6075
1.687,1.616625
1.572,1.74
1.6855,1.6263750000000001
1.717625,1.56875
1.584625,1.739875
1.64275,1.720375
1.73625,1.577
1.617625,1.6685
1.592,1.724625
1.73325,1.61025
1.674375,1.635125
1.55975,1.74325
1.690625,1.639625
1.72075,1.5655000000000001
1.57825,1.72875
1.647,1.69575
1.7365,1.56175
1.610625,1.6905000000000001
1.5971250000000001,1.742625
1.738375,1.60525
1.672125,1.6147500000000001
1.5655000000000001,1.759625
1.704625,1.685375
1.72825,1.5971250000000001
1.5598750000000001,1.703
1.622875,1.6600000000000001
1.730375,1.558
1.60625,1.69475
1.6085,1.7530000000000001
1.747125,1.61225
1.65775,1.6400000000000001
1.557625,1.758125
1.699125,1.635
1.703125,1.581375
1.562375,1.7341250000000001
1.655875,1.671125
1.726875,1.552625
1.600625,1.70575
1.608125,1.7215
1.72725,1.5911250000000001
1.64825,1.6915
1.5785,1.778125
1.7257500000000001,1.6423750000000001
1.6995,1.61125
1.5658750000000001,1.742625
1.684125,1.68075
1.73525,1.5765
1.5855000000000001,1.710625
1.639875,1.6765
1.731,1.541875
1.564625,1.7335
1.719,1.6400000000000001
1.7261250000000001,1.609375
1.5758750000000001,1.776375
1.68575,1.68975
1.733,1.55125
1.5851250000000001,1.709125
1.643,1.713125
1.7485,1.5535
1.620625,1.64475
1.591,1.74275
1.741625,1.630125
1.68475,1.641375
1.57725,1.749625
1.710625,1.623625
1.7125000000000001,1.600625
1.585,1.751625
1.690125,1.6495
1.727375,1.5505
1.581625,1.71925
1.64425,1.7085000000000001
1.747125,1.5765
1.619375,1.663375
1.597625,1.7035
1.736375,1.6065
1.670375,1.6885000000000001
1.5975000000000001,1.73
1.7355,1.594375
1.681375,1.5945
1.563375,1.705625
1.71875,1.6635
1.73875,1.6185
1.591375,1.75
1.667125,1.674
1.705375,1.537
1.582375,1.699875
1.64225,1.704375
1.749875,1.57325
1.6400000000000001,1.68425
1.5851250000000001,1.7505
1.725625,1.572625
1.668875,1.586625
1.56475,1.73525
1.691875,1.637875
1.6955,1.60225
1.563625,1.745125
1.6675,1.65025
1.720875,1.5422500000000001
1.572,1.71425
1.639,1.691125
1.73025,1.5835000000000001
1.5758750000000001,1.6932500000000001
1.604375,1.69775
1.735875,1.568375
1.6495,1.6496250000000001
1.5865,1.740375
1.71,1.6087500000000001
1.667,1.602
1.551,1.7475
1.677125,1.655125
1.6975,1.574
1.539625,1.724875
1.620125,1.691625
1.709,1.548
1.565125,1.65325
1.550125,1.71925
1.69175,1.594125
1.59525,1.681
1.530875,1.7685
1.67675,1.631625
1.6436250000000001,1.59
1.51,1.7315
1.639125,1.6585
1.6788750000000001,1.5715000000000001
1.53725,1.711625
1.61975,1.678
1.699875,1.54575
1.570125,1.6932500000000001
1.598875,1.729125
1.7257500000000001,1.575125
1.62425,1.63475
1.56875,1.7485
1.7355,1.64525
1.6888750000000001,1.62775
1.5735000000000001,1.733875
1.7061250000000001,1.6235
1.714,1.582
1.586625,1.731625
1.706375,1.6445
1.712,1.55725
1.5795000000000001,1.742
1.735625,1.63025
1.729875,1.563625
1.5845,1.7365
1.7045000000000001,1.665875
1.7630000000000001,1.5685
1.600375,1.7215
1.691875,1.6645
1.754375,1.5395
1.60225,1.6752500000000001
1.667125,1.674375
1.7635,1.5446250000000001
1.628625,1.6952500000000001
1.64725,1.758
1.78375,1.606
1.683,1.63775
1.609875,1.7257500000000001
1.765875,1.606875
1.703125,1.638625
1.601875,1.7315
1.7593750000000001,1.6087500000000001
1.719375,1.61025
1.594625,1.742875
1.7425,1.633125
1.731,1.580875
1.559,1.71675
1.629125,1.619125
1.64575,1.555375
1.573625,1.70975
1.71,1.646625
1.6965000000000001,1.556875
1.42775,1.721875
1.539375,1.6756250000000001
1.7395,1.543
1.661125,1.70425
1.63625,1.6968750000000001
1.6320000000000001,1.5502500000000001
1.555625,1.6875
1.83325,1.77025
1.83975,1.586375
1.36525,1.556125
1.0226250000000001,1.645875
1.654125,1.623125
2.07875,1.67975
1.757625,1.7475
1.594125,1.592625
1.49425,1.514125
1.434375,1.667375
1.74625,1.63325
1.7886250000000001,1.570625
1.479625,1.69075
1.502375,1.6456250000000001
1.663125,1.507625
1.7497500000000001,1.667875
1.844625,1.741875
1.8205,1.5635000000000001
1.3105,1.5030000000000001
0.95275,1.53
1.54975,1.628875
1.9232500000000001,1.699875
1.7850000000000001,1.7115
1.442125,1.509625
1.280375,1.477
1.709625,1.825
2.1885,1.805
1.8687500000000001,1.547625
1.08175,1.514125
1.056,1.479125
1.3935,1.403
1.6425,1.5538750000000001
1.501125,1.63575
1.598,1.5050000000000001
1.728,1.6655
1.991,1.84325
2.004125,1.63875
1.760625,1.5678750000000001
1.631125,1.723
1.7750000000000001,1.652625
1.594,1.4795
1.1888750000000001,1.623625
1.3900000000000001,1.6776250000000001
1.9895,1.57075
1.7281250000000001,1.64575
1.39875,1.64575
1.3505,1.5995000000000001
1.819,1.706375
1.8355000000000001,1.7321250000000001
1.83175,1.601375
1.5265,1.5831250000000001
1.395375,1.757625
1.9275,1.6795
1.748625,1.514125
1.31,1.738
1.571125,1.62225
1.572,1.608375
1.492875,1.6695
1.18975,1.5975000000000001
1.635125,1.669375
2.0295,1.770125
2.112,1.6545
1.8703750000000001,1.572875
1.59,1.746375
1.6155,1.7361250000000001
1.76975,1.568375
1.631625,1.737625
1.530375,1.66975
1.46625,1.57925
1.4717500000000001,1.748125
1.7785,1.6852500000000001
1.914375,1.561625
1.7553750000000001,1.75475
1.6243750000000001,1.771875
1.462875,1.6476250000000001
1.419875,1.597
1.457125,1.6355
1.762125,1.588625
1.854875,1.723875
1.7505,1.81675
1.797,1.56975
1.571125,1.5911250000000001
1.2595,1.798125
1.7713750000000001,1.69175
1.922125,1.605
1.45125,1.7265000000000001
1.502,1.66075
1.451,1.565
1.710625,1.7537500000000001
1.952125,1.736375
1.920375,1.60325
1.647875,1.761125
1.643,1.725125
1.661,1.60775
1.50075,1.7653750000000001
1.274,1.642875
1.5685,1.542375
1.88175,1.687
1.696375,1.737
1.677125,1.5525
1.7415,1.643875
1.501875,1.7495
1.13675,1.625125
1.2593750000000001,1.68675
1.981875,1.7745
2.049,1.603375
1.698125,1.5675000000000001
1.278,1.783125
1.580125,1.711125
1.627875,1.64425
1.5805,1.716875
1.46125,1.6705
1.73125,1.496875
1.8860000000000001,1.6505
1.79475,1.803375
1.572625,1.622
1.18225,1.59125
1.4372500000000001,1.692
1.831375,1.6735
1.2875,1.714625
1.174,1.794875
1.83825,1.595875
1.99725,1.5775000000000001
1.482375,1.73625
1.748375,1.633
2.00075,1.6283750000000001
1.54925,1.857
1.450625,1.7710000000000001
1.269125,1.545
1.3278750000000001,1.693375
1.73625,1.61575
1.436375,1.516
1.66475,1.7325
2.13675,1.790125
1.838375,1.62375
0.608125,1.633375
1.0865,1.614125
1.8265,1.60375
1.462375,1.685375
1.37375,1.718
0.899,1.614875
1.9256250000000001,1.533375
2.172,1.754
1.1243750000000001,1.578625
1.231,1.74425
1.227125,1.7725
0.2475,1.487625
0.734,1.48625
1.511875,1.681
2.377625,1.46825
1.194125,1.458375
1.375,1.8311250000000001
2.449625,1.924
2.422875,1.6260000000000001
1.019375,1.6636250000000001
0.276,1.58125
0.63225,1.545125
1.408875,1.51275
1.343625,1.204375
2.075625,1.357875
1.35725,1.95175
1.985125,1.99225
1.91425,1.666625
1.542125,1.686
1.7245000000000001,1.502625
1.5055,1.38425
1.386125,1.6275
2.1786250000000003,1.7755
2.13425,1.741
1.9236250000000001,1.677125
1.96875,1.7906250000000001
2.0325,1.695625
1.7555,1.683625
1.20575,1.711625
1.584625,1.6145
2.1742500000000002,1.6067500000000001
2.186,1.721625
1.959875,1.621
1.5965,1.623625
1.637,1.754875
1.54575,1.6612500000000001
1.8785,1.628625
2.0067500000000003,1.77
1.9405000000000001,1.624125
1.867,1.59625
1.6645,1.676125
1.658125,1.6928750000000001
1.63875,1.53125
1.8035,1.7255
2.109875,1.6912500000000001
2.021875,1.5362500000000001
1.650375,1.619
1.7277500000000001,1.666625
1.936375,1.544375
1.817375,1.6835
1.798875,1.730875
1.8435000000000001,1.5482500000000001
1.165375,1.598
1.207,1.83125
2.495875,1.7055
2.44325,1.7257500000000001
1.785625,1.8315000000000001
1.6765,1.72425
1.762625,1.673125
1.744625,1.829375
1.8923750000000001,1.71875
1.901,1.54875
1.73525,1.71325
1.705625,1.734
1.728625,1.488875
1.8042500000000001,1.611375
1.916375,1.7570000000000001
1.97675,1.65575
1.8225,1.598125
1.693125,1.7902500000000001
1.8715,1.596125
1.90675,1.509625
1.7655,1.730375
1.8202500000000001,1.65175
1.801125,1.5275
1.784125,1.7255
1.9472500000000001,1.718875
1.983125,1.55725
1.74125,1.610875
1.422,1.6560000000000001
1.7842500000000001,1.633375
2.1390000000000002,1.6395
1.9893750000000001,1.69625
1.8980000000000001,1.585625
1.84225,1.56125
1.75275,1.7257500000000001
1.885,1.64925
1.93,1.526125
1.7477500000000001,1.71925
1.7935,1.684375
1.84225,1.53025
1.680625,1.66375
1.8415000000000001,1.741625
2.06025,1.6045
1.904125,1.621
1.726625,1.718625
1.865,1.62725
1.8995,1.6145
1.7733750000000001,1.720625
1.8607500000000001,1.59825
1.79675,1.55325
1.49275,1.7655
1.7982500000000001,1.635125
1.9855,1.48425
1.774375,1.6895
1.893125,1.74725
1.998625,1.57275
1.7625,1.6500000000000001
1.7317500000000001,1.703125
1.8880000000000001,1.594875
1.79575,1.68075
1.75425,1.720375
1.87225,1.569125
1.7865,1.659375
1.7373750000000001,1.74825
1.855625,1.5865
1.76225,1.5698750000000001
1.7065000000000001,1.75475
1.8695,1.660125
1.79775,1.585625
1.718875,1.79725
1.887375,1.686375
1.844375,1.612875
1.69025,1.707125
1.7905,1.624
1.875375,1.635
1.737,1.7705
1.8078750000000001,1.650375
1.805375,1.52875
1.510625,1.6908750000000001
1.77875,1.687375
1.867,1.602875
1.652625,1.7826250000000001
1.749875,1.701
1.9116250000000001,1.5375
1.758375,1.649375
1.712375,1.6085
1.78675,1.50825
1.7457500000000001,1.731
1.729375,1.771875
1.8425,1.577
1.734375,1.56075
1.6536250000000001,1.74825
1.84,1.70875
1.7650000000000001,1.657375
1.623,1.7075
1.768,1.6245
1.8062500000000001,1.633125
1.666,1.74825
1.751625,1.60825
1.7686250000000001,1.523625
1.61125,1.739875
1.712,1.668875
1.779375,1.5315
1.6025,1.689625
1.6832500000000001,1.683125
1.803375,1.6287500000000001
1.637125,1.7315
1.645875,1.67875
1.724,1.5831250000000001
1.6155,1.695375
1.708375,1.72825
1.826875,1.60175
1.676125,1.709
1.633375,1.75725
1.781375,1.61825
1.704375,1.697625
1.599375,1.765125
1.7557500000000001,1.598
1.7141250000000001,1.59325
1.5895000000000001,1.740375
1.743125,1.65625
1.728875,1.64275
1.61125,1.78
1.75425,1.667875
1.721625,1.66425
1.586875,1.7870000000000001
1.7181250000000001,1.6536250000000001
1.732375,1.57475
1.579625,1.691625
1.64575,1.594
1.71275,1.592125
1.635875,1.813625
1.7101250000000001,1.716
1.71425,1.57275
1.580875,1.744875
1.705,1.688375
1.7475,1.540875
1.55925,1.68625
1.665,1.72
1.7766250000000001,1.586375
1.616125,1.675125
1.611375,1.661125
1.7121250000000001,1.52325
1.634625,1.750625
1.61825,1.8235000000000001
1.754,1.625125
1.6656250000000001,1.632625
1.556625,1.7465
1.722375,1.637875
1.68575,1.61625
1.556875,1.7477500000000001
1.697,1.686125
1.6945000000000001,1.659125
1.545,1.7650000000000001
1.65625,1.654125
1.708375,1.572875
1.559,1.751875
1.655375,1.68075
1.704375,1.581
1.5322500000000001,1.7845
1.605,1.71375
1.70075,1.518375
1.584375,1.715375
1.655875,1.7417500000000001
1.720375,1.60575
1.564625,1.73925
1.6103750000000001,1.7477500000000001
1.7281250000000001,1.584375
1.602125,1.69975
1.583375,1.75875
1.717,1.599625
1.629,1.638125
1.558625,1.70425
1.711625,1.633875
1.650875,1.737875
1.54925,1.79125
1.7065000000000001,1.651
1.6935,1.6067500000000001
1.5405,1.757625
1.6600000000000001,1.672625
1.703,1.57625
1.567,1.74675
1.662125,1.69625
1.71475,1.58025
1.590125,1.71725
1.62,1.7495
1.7081250000000001,1.605875
1.6,1.6808750000000001
1.579625,1.7061250000000001
1.7125000000000001,1.565375
1.6275,1.70425
1.568375,1.8065
1.729125,1.6403750000000001
1.668375,1.655125
1.542,1.79325
1.686625,1.6580000000000001
1.71475,1.570375
1.5585,1.735875
1.65775,1.6748750000000001
1.700125,1.57175
1.552125,1.709875
1.644875,1.693
1.71875,1.5835000000000001
1.582125,1.753875
1.58875,1.760875
1.7115,1.5791250000000001
1.6127500000000001,1.653
1.5565,1.775125
1.703875,1.6075
1.6605,1.6155
1.544875,1.7822500000000001
1.68275,1.685
1.7061250000000001,1.614
1.54575,1.74675
1.608875,1.697875
1.706625,1.5362500000000001
1.57625,1.683125
1.5775000000000001,1.77175
1.71625,1.6195
1.630125,1.643125
1.543125,1.747875
1.686125,1.6415
1.6796250000000001,1.5818750000000001
1.533875,1.7105000000000001
1.6715,1.6812500000000001
1.713875,1.61225
1.562875,1.7413750000000001
1.628625,1.6672500000000001
1.695125,1.531375
1.570875,1.71675
1.59625,1.744
1.718625,1.554375
1.6105,1.623125
1.5645,1.7846250000000001
1.72125,1.647375
1.67375,1.6255
1.546125,1.749625
1.67175,1.6463750000000001
1.691125,1.55725
1.558875,1.733625
1.647125,1.69425
1.712875,1.56
1.57175,1.6805
1.606,1.67675
1.72475,1.587
1.602125,1.720375
1.6115,1.6988750000000001
1.706,1.570375
1.6031250000000001,1.702625
1.59325,1.730375
1.724625,1.578875
1.633875,1.6443750000000001
1.563125,1.744125
1.70475,1.622125
1.66775,1.6087500000000001
1.5535,1.74275
1.70225,1.661375
1.698125,1.56975
1.5173750000000001,1.7088750000000001
1.608375,1.687
1.696,1.59625
1.556125,1.73325
1.5635000000000001,1.713875
1.6685,1.56825
1.556625,1.676125
1.5110000000000001,1.7545
1.665,1.639
1.60925,1.6383750000000001
1.48925,1.75025
1.625375,1.645125
1.62325,1.61575
1.4861250000000001,1.763625
1.599625,1.68675
1.637125,1.615625
1.51425,1.736
1.6340000000000001,1.657875
1.676375,1.585
1.52775,1.7275
1.5965,1.6605
1.67775,1.5425
1.564125,1.7255
1.5967500000000001,1.735875
1.7105000000000001,1.562875
1.598625,1.647375
1.554875,1.740375
1.713,1.621375
1.66825,1.623375
1.555375,1.726
1.690125,1.63025
1.6988750000000001,1.5698750000000001
1.5562500000000001,1.71325
1.665875,1.6716250000000001
1.736,1.571
1.5851250000000001,1.713875
1.6303750000000001,1.70025
1.726875,1.5495
1.605,1.656875
1.607375,1.729875
1.746875,1.572625
1.606875,1.6908750000000001
1.62775,1.683875
1.75075,1.587375
1.630875,1.682625
1.6045,1.7028750000000001
1.740375,1.57525
1.649125,1.65425
1.59825,1.721
1.751625,1.587375
1.684,1.641375
1.596,1.7685
1.741875,1.612625
1.705625,1.5815000000000001
1.574125,1.71625
1.727375,1.6436250000000001
1.7395,1.582375
1.585,1.6968750000000001
1.7115,1.652125
1.75675,1.587625
1.57975,1.74075
1.685625,1.64875
1.753125,1.55575
1.600875,1.7201250000000001
1.665125,1.671875
1.74625,1.54775
1.602625,1.6736250000000001
1.6320000000000001,1.7161250000000001
1.7670000000000001,1.584125
1.6615,1.688625
1.61325,1.707875
1.748625,1.587875
1.6828750000000001,1.679
1.594875,1.740625
1.746125,1.614125
1.7475,1.587
1.60175,1.733875
1.718,1.62025
1.725625,1.554625
1.602125,1.75725
1.72425,1.663875
1.743125,1.558625
1.569125,1.704375
1.67875,1.6520000000000001
1.763625,1.565375
1.61425,1.7075
1.65225,1.695
1.758125,1.555625
1.64525,1.685875
1.6445,1.737625
1.77575,1.582375
1.6815,1.6425
1.598,1.735625
1.736,1.604125
1.70475,1.58875
1.583,1.713625
1.72875,1.623375
1.741875,1.584
1.589875,1.7475
1.711125,1.6675
1.756,1.55975
1.596375,1.712875
1.65975,1.662375
1.7590000000000001,1.5226250000000001
1.629875,1.66975
1.64175,1.7121250000000001
1.762875,1.58
1.657,1.6575
1.61325,1.724875
1.754875,1.5971250000000001
1.6905000000000001,1.6183750000000001
1.588375,1.716375
1.743,1.63825
1.71475,1.6155
1.5885,1.734
1.754,1.5678750000000001
1.665125,1.657
1.631875,1.736375
1.766375,1.592875
1.668,1.659125
1.6005,1.7295
1.7405,1.585875
1.675875,1.6051250000000001
1.592375,1.75325
1.746375,1.63675
1.721625,1.59575
1.580125,1.7417500000000001
1.70125,1.6572500000000001
1.745125,1.568125
1.59025,1.71075
1.661375,1.684375
1.750875,1.546875
1.61525,1.657375
1.602,1.70325
1.752125,1.61825
1.673,1.676
1.5851250000000001,1.740625
1.733875,1.6111250000000001
1.717,1.580625
1.578125,1.7321250000000001
1.6955,1.65075
1.72925,1.601875
1.58475,1.72525
1.700625,1.6556250000000001
1.754625,1.547
1.597625,1.697875
1.638875,1.704
1.7485,1.5698750000000001
1.6403750000000001,1.65575
1.60825,1.736375
1.74675,1.608875
1.7015,1.6343750000000001
1.59125,1.7625
1.72,1.64625
1.737875,1.597875
1.596125,1.745125
1.685125,1.671875
1.749,1.5475
1.617625,1.7008750000000001
1.63725,1.7245000000000001
1.74825,1.5698750000000001
1.638625,1.65675
1.5967500000000001,1.7495
1.742,1.60225
1.695625,1.5931250000000001
1.571,1.7615
1.7125000000000001,1.653125
1.7181250000000001,1.574875
1.566875,1.735125
1.729875,1.654625
1.72275,1.623125
1.576375,1.739
1.678,1.660625
1.736375,1.560625
1.581375,1.76475
1.7241250000000001,1.643375
1.702625,1.577375
1.567125,1.713625
1.7095,1.6385
1.727375,1.602125
1.587625,1.756
1.6868750000000001,1.657
1.723375,1.558
1.585625,1.74275
1.662625,1.694625
1.736375,1.5558750000000001
1.5758750000000001,1.709125
1.631375,1.71775
1.74325,1.57975
1.63125,1.6868750000000001
1.601625,1.7255
1.736625,1.590875
1.648125,1.695875
1.604875,1.7497500000000001
1.74675,1.582
1.640125,1.653
1.578875,1.7341250000000001
1.7315,1.627375
1.684625,1.6355
1.5815000000000001,1.778125
1.716875,1.6536250000000001
1.7145000000000001,1.592375
1.580625,1.7497500000000001
1.69875,1.673375
1.742,1.56775
1.58525,1.718
1.6536250000000001,1.6835
1.74,1.5482500000000001
1.607875,1.69475
1.615,1.727
1.740875,1.580875
1.637,1.654625
1.57575,1.721875
1.734875,1.628875
1.695125,1.633375
1.574875,1.733375
1.72825,1.61175
1.6792500000000001,1.6360000000000001
1.579,1.7593750000000001
1.722875,1.627125
1.6985000000000001,1.610875
1.57525,1.74875
1.718625,1.6260000000000001
1.7155,1.5715000000000001
1.570375,1.7593750000000001
1.6952500000000001,1.65675
1.73675,1.5815000000000001
1.58275,1.758875
1.6915,1.6868750000000001
1.736625,1.568
1.58825,1.702625
1.646875,1.68375
1.747875,1.5522500000000001
1.61775,1.68375
1.61175,1.7045000000000001
1.7381250000000001,1.554375
1.6536250000000001,1.6985000000000001
1.61125,1.75225
1.744625,1.599625
1.668125,1.635375
1.57975,1.7550000000000001
1.706375,1.6636250000000001
1.400375,1.736625
1.203875,1.796
1.45175,1.657875
1.5642500000000001,1.6505
1.235125,1.802375
1.462375,1.693
1.6051250000000001,1.5366250000000001
1.45275,1.732
1.522375,1.72075
1.609,1.589875
1.50525,1.7317500000000001
1.5555,1.710625
1.659375,1.535625
1.5575,1.714375
1.5778750000000001,1.759625
1.696625,1.583
1.59325,1.657125
1.569625,1.713125
1.71075,1.579625
1.644625,1.653375
1.5755000000000001,1.73425
1.711,1.6383750000000001
1.689375,1.636875
1.58275,1.752875
1.7257500000000001,1.614
1.71025,1.588375
1.578375,1.75025
1.7195,1.6420000000000001
1.73275,1.58525
1.585375,1.72275
1.7005000000000001,1.635125
1.74725,1.55575
1.595375,1.717625
1.68,1.69075
1.76875,1.578375
1.6300000000000001,1.713625
1.65825,1.702375
1.7726250000000001,1.562125
1.6665,1.694625
1.639875,1.71725
1.764875,1.581375
1.673875,1.69375
1.63825,1.7473750000000001
1.781375,1.588125
1.70075,1.6443750000000001
1.62125,1.739625
1.77425,1.617125
1.735125,1.62225
1.652125,1.681625
1.7845,1.55975
1.6915,1.70275
1.6476250000000001,1.7465
1.7713750000000001,1.584125
1.6832500000000001,1.656125
1.62025,1.728625
1.77175,1.60725
1.731,1.64425
1.61975,1.7795
1.757125,1.625
1.75225,1.566125
1.6163750000000001,1.767875
1.75125,1.658375
1.77525,1.57125
1.619375,1.743625
1.7297500000000001,1.687
1.7822500000000001,1.569125
1.623625,1.712
1.6995,1.660875
1.7695,1.5538750000000001
1.63675,1.722625
1.670875,1.71025
1.7725,1.572125
1.652125,1.695625
1.65125,1.7295
1.7786250000000001,1.576625
1.6872500000000001,1.654125
1.623875,1.751625
1.7650000000000001,1.61
1.7305,1.58575
1.604875,1.734625
1.725625,1.642875
1.766,1.560375
1.615375,1.712625
1.6735,1.710375
1.7785,1.573
1.660125,1.6796250000000001
1.63275,1.721625
1.7635,1.576875
1.694,1.62625
1.6005,1.7453750000000001
1.7495,1.64975
1.7510000000000001,1.578125
1.5975000000000001,1.7217500000000001
1.70075,1.663
1.7745,1.565125
1.6243750000000001,1.703375
1.64925,1.70325
1.766125,1.5495
1.651375,1.66375
1.6275,1.7457500000000001
1.772875,1.602
1.7005000000000001,1.62225
1.6071250000000001,1.744875
1.74675,1.6263750000000001
1.748625,1.5698750000000001
1.601,1.71475
1.6945000000000001,1.6885000000000001
1.770375,1.561625
1.622875,1.68775
1.63825,1.7175
1.766875,1.5745
1.6705,1.6555
1.599875,1.71825
1.749125,1.6065
1.72675,1.621
1.61525,1.7695
1.747625,1.628875
1.728,1.5578750000000001
1.58775,1.7357500000000001
1.711125,1.659875
1.761875,1.570875
1.6045,1.7345
1.743625,1.643
1.7401250000000001,1.591625
1.597375,1.73875
1.73425,1.61575
1.7405,1.559625
1.604,1.749625
1.71775,1.666875
1.7517500000000001,1.54325
1.596375,1.7
1.670375,1.680375
1.7666250000000001,1.53075
1.6360000000000001,1.6795
1.6315,1.7235
1.76225,1.5655000000000001
1.6832500000000001,1.630625
1.604875,1.746
1.748125,1.656125
1.7235,1.633625
1.588125,1.7465
1.71575,1.64025
1.745125,1.56675
1.603375,1.731375
1.683,1.672125
1.75225,1.54675
1.6035,1.703
1.647125,1.709125
1.7565,1.578375
1.613375,1.724625
1.685625,1.65825
1.7513750000000001,1.543625
1.615875,1.709125
1.644625,1.7353750000000001
1.761625,1.573375
1.638875,1.65125
1.595,1.728625
1.7505,1.58025
1.694125,1.582875
1.60725,1.768
1.745625,1.673875
1.7337500000000001,1.589875
1.588375,1.721125
1.6968750000000001,1.658875
1.76,1.548
1.618125,1.707625
1.65875,1.7065000000000001
1.7635,1.566
1.64125,1.6835
1.62225,1.7217500000000001
1.7575,1.550375
1.666125,1.60125
1.600625,1.734875
1.7735,1.58325
1.652875,1.683875
1.63125,1.720375
1.764125,1.580125
1.681125,1.6183750000000001
1.59775,1.73875
1.7415,1.61025
1.734,1.5967500000000001
1.6071250000000001,1.739875
1.7135,1.64125
1.7373750000000001,1.553125
1.592,1.723375
1.683,1.669375
1.7690000000000001,1.537125
1.63725,1.692625
1.6355,1.731875
1.7625,1.587375
1.678125,1.6525
1.6035,1.734375
1.744375,1.608875
1.71775,1.592375
1.5975000000000001,1.7535
1.738875,1.662625
1.734375,1.612875
1.596125,1.744125
1.705,1.6443750000000001
1.752875,1.579375
1.6065,1.739
1.684625,1.6945000000000001
1.764,1.561375
1.622125,1.6985000000000001
1.63975,1.730875
1.7673750000000001,1.593375
1.668125,1.6755
1.6143750000000001,1.7335
1.7421250000000001,1.577125
1.688125,1.604375
1.59175,1.764625
1.732,1.650875
1.732875,1.58625
1.57925,1.74125
1.682,1.687125
1.7485,1.56725
1.594,1.6915
1.629875,1.701375
1.7497500000000001,1.577625
1.6267500000000001,1.695875
1.615875,1.72425
1.749625,1.577125
1.6596250000000001,1.633625
1.62375,1.69375
1.746375,1.5555
1.635375,1.6712500000000001
1.59625,1.74925
1.738375,1.61825
1.67475,1.6167500000000001
1.572875,1.742875
1.71325,1.62925
1.70775,1.5765
1.57775,1.729
1.691625,1.6676250000000001
1.73625,1.547625
1.5755000000000001,1.69675
1.630125,1.709
1.74525,1.565125
1.626875,1.670625
1.599375,1.715375
1.73825,1.573
1.6748750000000001,1.6303750000000001
1.588,1.75525
1.729,1.61
1.695375,1.5967500000000001
1.575625,1.73
1.72025,1.6620000000000001
1.7445,1.589625
1.579625,1.739
1.7005000000000001,1.6443750000000001
1.735875,1.5738750000000001
1.582375,1.737125
1.67875,1.652125
1.7108750000000001,1.547375
1.566125,1.73925
1.6516250000000001,1.709
1.741625,1.56175
1.6035,1.703875
1.620125,1.697625
1.739625,1.5475
1.638125,1.6748750000000001
1.6243750000000001,1.723875
1.751125,1.581625
1.654375,1.6515
1.5891250000000001,1.754
1.737625,1.623875
1.695625,1.60775
1.575125,1.716625
1.720375,1.63875
1.7381250000000001,1.5891250000000001
1.58175,1.732875
1.676,1.677875
1.7515,1.54475
1.609375,1.68675
1.6303750000000001,1.700625
1.7517500000000001,1.58025
1.6460000000000001,1.6812500000000001
1.6051250000000001,1.7217500000000001
1.741625,1.603
1.6888750000000001,1.6325
1.583625,1.747
1.7205000000000001,1.652125
1.7265000000000001,1.574125
1.566875,1.71225
1.65225,1.676375
1.724875,1.569375
1.5871250000000001,1.70475
1.597625,1.72075
1.713375,1.576125
1.602,1.6600000000000001
1.542125,1.751875
1.692625,1.63425
1.6535,1.618875
1.523375,1.708375
1.64225,1.63525
1.66575,1.60575
1.527875,1.74525
1.614625,1.683
1.693375,1.5435
1.557375,1.6955
1.57875,1.72925
1.70625,1.582875
1.6215,1.6612500000000001
1.5665,1.748625
1.711625,1.6045
1.6855,1.5971250000000001
1.604375,1.710375
1.72425,1.57425
1.6287500000000001,1.647875
1.5835000000000001,1.729375
1.7281250000000001,1.587875
1.70375,1.59525
1.5935000000000001,1.737625
1.727625,1.615875
1.704375,1.57125
1.57175,1.744
1.713375,1.6540000000000001
1.73,1.5855000000000001
1.586125,1.737125
1.7217500000000001,1.6255
1.7205000000000001,1.555125
1.5871250000000001,1.7475
1.729125,1.635375
1.732375,1.55
1.5755000000000001,1.7217500000000001
1.726,1.66425
1.7515,1.5975000000000001
1.59525,1.745125
1.730875,1.62925
1.742,1.568625
1.5831250000000001,1.715
1.713875,1.607875
1.739125,1.573
1.591875,1.73875
1.720625,1.6385
1.74725,1.58575
1.59575,1.739625
1.6875,1.6745
1.7577500000000001,1.54675
1.615875,1.696625
1.654625,1.688625
1.769125,1.570875
1.64725,1.702625
1.642625,1.705625
1.7666250000000001,1.547375
1.664125,1.6535
1.62375,1.76075
1.767125,1.604125
1.687625,1.612
1.5967500000000001,1.7221250000000001
1.75475,1.629875
1.71525,1.6620000000000001
1.6143750000000001,1.734625
1.743875,1.6027500000000001
1.693625,1.602625
1.600125,1.7345
1.7493750000000001,1.63225
1.7281250000000001,1.595875
1.57475,1.763875
1.7185000000000001,1.6145
1.749,1.5462500000000001
1.5987500000000001,1.733375
1.701875,1.670125
1.751875,1.57925
1.6045,1.72325
1.67575,1.668875
1.746125,1.531625
1.619125,1.715375
1.6460000000000001,1.752125
1.763875,1.596375
1.6525,1.664375
1.614875,1.695875
1.766375,1.58325
1.688125,1.6745
1.6131250000000001,1.747
1.74875,1.59225
1.680125,1.6111250000000001
1.5855000000000001,1.7205000000000001
1.731,1.63975
1.726875,1.6143750000000001
1.5845,1.742375
1.696125,1.662875
1.743,1.547125
1.595,1.6868750000000001
1.64575,1.650125
1.7550000000000001,1.537875
1.636875,1.6456250000000001
1.6320000000000001,1.776875
1.764375,1.648625
1.679375,1.6525
1.61825,1.76275
1.7553750000000001,1.63875
1.704,1.612875
1.58125,1.72525
1.710375,1.5945
1.7115,1.46725
1.547,1.56525
1.65475,1.693375
1.777125,1.609
1.5835000000000001,1.705375
1.719875,1.7377500000000001
1.77525,1.61225
1.5995000000000001,1.715125
1.667875,1.668375
1.7630000000000001,1.53775
1.564625,1.59825
1.6403750000000001,1.50825
1.718625,1.4585000000000001
1.59225,1.767875
1.7585,1.765875
1.7733750000000001,1.604625
1.59025,1.6263750000000001
1.671375,1.562375
1.7745,1.595375
1.658875,1.791125
1.682125,1.665875
1.74625,1.399875
1.602875,1.660625
1.6435,1.80575
1.78475,1.63325
1.6756250000000001,1.632875
1.60175,1.612875
1.729125,1.5113750000000001
1.69375,1.704625
1.634625,1.69225
1.76,1.5113750000000001
1.69875,1.697375
1.591625,1.581625
1.701,1.511875
1.71625,1.693625
1.6436250000000001,1.757125
1.738625,1.569125
1.670875,1.52025
1.59175,1.7088750000000001
1.729375,1.61125
1.718,1.520125
1.548875,1.494625
1.68575,1.496125
1.8062500000000001,1.7846250000000001
1.604875,1.677875
1.7045000000000001,1.751125
1.756875,1.575625
1.5425,1.351875
1.671375,1.658125
1.7965,1.7830000000000001
1.597375,1.51875
1.574625,1.6255
1.7770000000000001,1.6167500000000001
1.6500000000000001,1.453375
1.619125,1.69675
1.76,1.52575
1.5385,1.587375
1.6005,1.627125
1.7295,1.131125
1.6905000000000001,1.85025
1.61925,1.92425
1.72475,1.68375
1.7455,1.66575
1.5891250000000001,1.473375
1.6505,1.582625
1.764375,1.648375
1.625,1.5170000000000001
1.617,1.63925
1.77675,1.539
1.5995000000000001,1.619
1.55975,1.8345
1.798125,1.50425
1.6575,1.54675
1.58975,1.5595
1.75225,1.599375
1.67625,1.5595
1.5871250000000001,1.74225
1.699375,1.525875
1.79675,1.696125
1.663375,1.632875
1.5362500000000001,1.29075
1.7068750000000001,1.842
1.745125,1.575
1.474625,1.449
1.748125,1.8338750000000001
1.814125,1.6203750000000001
1.511875,1.68
1.727375,1.596875
1.758,1.686125
1.569125,1.7115
1.6925000000000001,1.319125
1.809375,1.58875
1.685375,1.795375
1.6145,1.6935
1.699625,1.57825
1.6885000000000001,1.530375
1.50225,1.921375
1.817,1.858
1.8085,1.385625
1.499875,1.642125
1.740375,1.79125
1.864125,1.67475
1.5093750000000001,1.4841250000000001
1.6912500000000001,1.69925
1.73025,1.061375
1.6215,1.9308750000000001
1.671375,1.974875
1.711,1.524125
1.7377500000000001,1.3780000000000001
1.657,1.913
1.756,1.9755
1.795,1.56375
1.541,1.605375
1.629875,1.703625
1.6656250000000001,1.3675
1.576125,1.518875
1.6988750000000001,1.86
1.82175,2.01775
1.7986250000000001,1.946125
1.65375,1.607375
1.634125,1.6027500000000001
1.74425,1.622125
1.6055,1.305125
1.71,1.6267500000000001
1.615875,1.3936250000000001
1.54775,2.08925
1.8860000000000001,1.8925
1.7081250000000001,1.620125
1.611375,1.95425
1.8695,1.803375
1.779625,1.644625
1.564875,1.7593750000000001
1.6828750000000001,0.9313750000000001
1.667875,1.504625
1.63275,2.230125
1.696375,1.973375
1.7437500000000001,1.531375
1.679375,1.92625
1.72725,1.931375
1.78975,1.264625
1.547,1.7475
1.5755000000000001,1.860625
1.84525,1.725625
1.690375,1.896875
1.6440000000000001,1.9425000000000001
1.7886250000000001,1.723375
1.7095,1.687125
1.57925,1.757625
1.72025,1.5738750000000001
1.7453750000000001,1.76
1.576375,1.972625
1.777125,1.575625
1.67225,1.4565000000000001
1.533875,1.90625
1.81475,1.8885
1.773125,1.611625
1.588125,1.903375
1.7385,1.83825
1.76475,1.6955
1.59625,1.85525
1.591,1.773875
1.6463750000000001,1.49425
1.612,1.799375
1.71325,1.715375
1.748625,1.4681250000000001
1.57075,1.8795
1.6363750000000001,1.836875
1.8055,1.64225
1.6595,1.712
1.5758750000000001,1.7125000000000001
1.712375,1.6445
1.673125,1.748875
1.438375,1.89675
1.532,1.700625
1.565125,1.578625
1.520125,1.80575
1.5598750000000001,1.752
1.63875,1.65875
1.668375,1.631875
1.83,1.6620000000000001
1.823625,1.7445
1.58125,1.897875
1.719875,1.700375
1.745,1.52475
1.495875,1.752
1.653375,1.7686250000000001
1.817125,1.64925
1.6047500000000001,1.7085000000000001
1.577625,1.671375
1.7585,1.6655
1.680375,1.76925
1.6420000000000001,1.78725
1.676375,1.606875
1.534,1.681
1.660625,1.814125
1.842625,1.617375
1.697875,1.704
1.5578750000000001,1.81475
1.69075,1.6500000000000001
1.704625,1.661375
1.624,1.764625
1.7357500000000001,1.663875
1.72325,1.6207500000000001
1.549625,1.777625
1.678125,1.624625
1.7393750000000001,1.614875
1.58975,1.81325
1.69,1.71725
1.75,1.5811250000000001
1.599375,1.693
1.614625,1.654375
1.728375,1.591375
1.613,1.80675
1.616875,1.744625
1.7415,1.596375
1.61775,1.689375
1.603375,1.717875
1.742,1.568375
1.635375,1.639
1.591625,1.80875
1.732625,1.673375
1.674,1.620875
1.555125,1.73
1.713375,1.6087500000000001
1.695,1.599875
1.555,1.75725
1.67475,1.6736250000000001
1.70975,1.4933750000000001
1.561375,1.698375
1.6496250000000001,1.759875
1.7421250000000001,1.62925
1.606375,1.71725
1.615,1.666
1.735125,1.544875
1.629,1.70025
1.59175,1.737625
1.72475,1.574125
1.6525,1.6280000000000001
1.57775,1.754375
1.697875,1.617
1.6495,1.596125
1.5478750000000001,1.776125
1.7175,1.6185
1.69775,1.537625
1.564125,1.7593750000000001
1.708375,1.694625
1.721875,1.569125
1.560875,1.684125
1.6380000000000001,1.662375
1.7375,1.54975
1.596625,1.693875
1.601,1.704375
1.71725,1.571
1.6143750000000001,1.629625
1.5618750000000001,1.753625
1.733625,1.64875
1.693875,1.6045
1.558625,1.697375
1.6445,1.598125
1.67775,1.600375
1.61175,1.73925
1.692375,1.65875
1.73,1.51975
1.569625,1.680625
1.608625,1.686375
1.7437500000000001,1.565625
1.63875,1.62025
1.5655000000000001,1.71425
1.695625,1.5975000000000001
1.69,1.589
1.583,1.710375
1.674375,1.56825
1.686375,1.509875
1.5655000000000001,1.723625
1.640125,1.631875
1.7028750000000001,1.4955
1.606875,1.690375
1.62525,1.794875
1.74225,1.6007500000000001
1.64325,1.6123750000000001
1.57775,1.707
1.722375,1.589625
1.691625,1.5678750000000001
1.556,1.723625
1.690625,1.6175
1.72075,1.51325
1.5695000000000001,1.6705
1.64025,1.6600000000000001
1.734625,1.5115
1.59275,1.6925000000000001
1.6555,1.6300000000000001
1.72725,1.52675
1.592875,1.630125
1.607,1.6555
1.72875,1.60825
1.6343750000000001,1.697125
1.692625,1.58875
1.7108750000000001,1.506625
1.568,1.7095
1.6925000000000001,1.64475
1.7135,1.548875
1.568875,1.698125
1.68825,1.604875
1.727375,1.508125
1.5678750000000001,1.68675
1.661125,1.6436250000000001
1.736875,1.5305
1.585,1.6868750000000001
1.6355,1.65575
1.745875,1.519625
1.61025,1.661875
1.625,1.666375
1.737625,1.538125
1.618875,1.66825
1.5995000000000001,1.6925000000000001
1.74,1.558
1.66625,1.61125
1.58375,1.693125
1.725375,1.578625
1.69,1.58975
1.558875,1.721
1.721625,1.59925
1.725,1.556125
1.575125,1.706625
1.70025,1.598625
1.713875,1.543125
1.562375,1.717625
1.683125,1.625375
1.72525,1.545875
1.5758750000000001,1.717625
1.65525,1.663875
1.731875,1.5035
1.59975,1.651875
1.637875,1.691375
1.74075,1.5655000000000001
1.62025,1.629875
1.608,1.649375
1.742625,1.5655000000000001
1.652375,1.687
1.632625,1.684375
1.7385,1.529375
1.629625,1.634625
1.59175,1.706
1.7577500000000001,1.580375
1.6908750000000001,1.61175
1.594,1.72425
1.737625,1.615
1.719625,1.582875
1.586625,1.6795
1.705,1.5615
1.6955,1.558875
1.584125,1.729875
1.723125,1.6363750000000001
1.741,1.57975
1.5835000000000001,1.71175
1.6995,1.60725
1.72525,1.506375
1.5785,1.6905000000000001
1.6975,1.6652500000000001
1.746,1.576
1.5971250000000001,1.713875
1.63825,1.683875
1.74275,1.526125
1.620625,1.64175
1.602375,1.70825
1.740625,1.57725
1.6692500000000001,1.610875
1.576375,1.72875
1.70175,1.594625
1.695375,1.57275
1.5947500000000001,1.7473750000000001
1.703625,1.660875
1.7315,1.547375
1.576125,1.699875
1.643125,1.67625
1.740625,1.524125
1.614875,1.66175
1.606375,1.7015
1.734875,1.525375
1.595625,1.684375
1.623375,1.73075
1.765125,1.575125
1.6515,1.62625
1.582875,1.717625
1.729875,1.5885
1.691875,1.595375
1.5775000000000001,1.731
1.71075,1.628125
1.745875,1.5575
1.595875,1.707875
1.662625,1.66275
1.736875,1.537375
1.616875,1.6988750000000001
1.637625,1.729875
1.759875,1.55975
1.650625,1.617375
1.589625,1.7245000000000001
1.732,1.59975
1.691125,1.611
1.56925,1.73075
1.698125,1.6260000000000001
1.740625,1.568125
1.593375,1.710375
1.706,1.66675
1.7465,1.58825
1.59175,1.7241250000000001
1.672125,1.6615
1.7550000000000001,1.52025
1.615375,1.683
1.6280000000000001,1.716
1.74225,1.54325
1.640125,1.670625
1.590375,1.7525
1.7195,1.5947500000000001
1.661,1.607875
1.550125,1.743875
1.685625,1.63925
1.69375,1.5755000000000001
1.539375,1.730875
1.6283750000000001,1.67625
1.6995,1.541375
1.558,1.694
1.57875,1.746375
1.692,1.586625
1.573,1.65475
1.537625,1.749125
1.684375,1.6315
1.617125,1.63025
1.5355,1.75925
1.687125,1.6307500000000001
1.6640000000000001,1.604125
1.545375,1.737125
1.683,1.610875
1.696625,1.594375
1.5598750000000001,1.752375
1.6828750000000001,1.63975
1.734625,1.5565
1.578625,1.719125
1.6440000000000001,1.692375
1.7437500000000001,1.543875
1.6215,1.68425
1.62825,1.758
1.764625,1.604625
1.684625,1.6223750000000001
1.59225,1.7221250000000001
1.7245000000000001,1.6287500000000001
1.727375,1.601375
1.6005,1.729875
1.714375,1.6555
1.75425,1.55575
1.60175,1.713125
1.677,1.701625
1.77425,1.5642500000000001
1.6151250000000001,1.707375
1.651875,1.70725
1.77075,1.57575
1.6615,1.648625
1.627375,1.72025
1.766875,1.61175
1.71175,1.6455
1.6105,1.727375
1.7413750000000001,1.6267500000000001
1.7353750000000001,1.602
1.60375,1.738625
1.713875,1.666
1.76075,1.541
1.5967500000000001,1.678125
1.66575,1.731375
1.799625,1.588375
1.683125,1.665375
1.621375,1.7510000000000001
1.76075,1.61175
1.725625,1.587875
1.609375,1.73725
1.746875,1.6752500000000001
1.7675,1.605875
1.620625,1.7375
1.697875,1.68425
1.756625,1.575125
1.59175,1.717375
1.690125,1.66975
1.77375,1.57925
1.639125,1.701
1.639375,1.707625
1.7630000000000001,1.574125
1.65625,1.662875
1.62,1.74475
1.761875,1.619625
1.711375,1.629375
1.5987500000000001,1.728875
1.735875,1.638625
1.745625,1.59625
1.599875,1.744375
1.71025,1.69675
1.76825,1.558875
1.613,1.6788750000000001
1.6585,1.7415
1.7785,1.61
1.665875,1.69025
1.622875,1.73725
1.752,1.5855000000000001
1.684625,1.62325
1.60125,1.76425
1.746375,1.623375
1.714,1.5805
1.594625,1.75
1.7241250000000001,1.681125
1.763125,1.590625
1.6075,1.692625
1.654125,1.70025
1.7650000000000001,1.596125
1.647875,1.68975
1.62425,1.7261250000000001
1.753125,1.5955000000000001
1.6725,1.63725
1.596875,1.739125
1.7361250000000001,1.6
1.719375,1.588125
1.58975,1.733375
1.706,1.644125
1.742375,1.555
1.603,1.725
1.668375,1.70575
1.75875,1.56825
1.627375,1.698
1.625875,1.7305
1.7573750000000001,1.5935000000000001
1.675,1.64725
1.651,1.711625
1.7635,1.578125
1.64525,1.675875
1.615375,1.747
1.756625,1.6035
1.68625,1.639375
1.595875,1.759875
1.73225,1.640125
1.718375,1.565625
1.580875,1.721375
1.707125,1.672625
1.7515,1.574
1.586125,1.71425
1.6485,1.712375
1.76125,1.587625
1.6345,1.67425
1.612625,1.70775
1.7595,1.5845
1.68475,1.6345
1.597,1.774125
1.758125,1.62175
1.72425,1.5795000000000001
1.58575,1.7255
1.69575,1.651375
1.736375,1.5891250000000001
1.588625,1.7685
1.7041250000000001,1.659
1.739625,1.570875
1.595375,1.7355
1.681375,1.661
1.744875,1.550375
1.612875,1.72625
1.667375,1.68675
1.7437500000000001,1.5335
1.605625,1.700125
1.6383750000000001,1.746
1.759125,1.5838750000000001
1.6416250000000001,1.655
1.604375,1.7277500000000001
1.74525,1.601875
1.673375,1.64425
1.5895000000000001,1.7381250000000001
1.726625,1.601875
1.700125,1.617625
1.5845,1.7577500000000001
1.704375,1.6536250000000001
1.72625,1.5725
1.576875,1.7437500000000001
1.6655,1.6835
1.731,1.5625
1.59,1.725625
1.6505,1.702375
1.74675,1.57025
1.6015,1.71625
1.650875,1.676375
1.7405,1.564875
1.612125,1.71725
1.64625,1.71375
1.746625,1.56725
1.617375,1.690125
1.6,1.740875
1.72875,1.570125
1.625625,1.631
1.52675,1.721375
1.684,1.632125
1.681625,1.660875
1.541375,1.7785
1.651125,1.6672500000000001
1.685125,1.572125
1.549125,1.7305
1.6135,1.6952500000000001
1.69275,1.5618750000000001
1.559625,1.704
1.602125,1.703625
1.698375,1.595875
1.577625,1.720625
1.60425,1.70775
1.692375,1.543625
1.557625,1.69575
1.571125,1.7397500000000001
1.695,1.587625
1.5925,1.658125
1.548125,1.7061250000000001
1.68625,1.621625
1.622625,1.693625
1.540875,1.7575
1.67025,1.613875
1.639875,1.61
1.522,1.7517500000000001
1.6580000000000001,1.65625
1.686,1.588375
1.542375,1.7297500000000001
1.63375,1.65575
1.704625,1.554625
1.577125,1.699625
1.627125,1.7081250000000001
1.72725,1.566
1.61175,1.670625
1.5945,1.72625
1.740375,1.612875
1.654625,1.653875
1.60825,1.735
1.748875,1.591375
1.67175,1.635
1.599625,1.72625
1.7337500000000001,1.606375
1.711,1.59375
1.5905,1.735625
1.713875,1.654875
1.749125,1.5502500000000001
1.59275,1.67225
1.662125,1.679375
1.77475,1.5765
1.656625,1.68625
1.638125,1.733
1.767875,1.5915000000000001
1.686375,1.6285
1.592125,1.7385
1.748375,1.623875
1.75875,1.57175
1.609375,1.730375
1.706625,1.6505
1.7605,1.5230000000000001
1.624,1.7068750000000001
1.6752500000000001,1.724625
1.78575,1.5598750000000001
1.633625,1.675375
1.63675,1.6988750000000001
1.778,1.57725
1.70225,1.666875
1.6207500000000001,1.75325
1.746125,1.6015
1.729375,1.5895000000000001
1.6183750000000001,1.7335
1.729625,1.6463750000000001
1.760875,1.54175
1.6085,1.697375
1.6676250000000001,1.684625
1.78075,1.5558750000000001
1.674125,1.661375
1.627875,1.7035
1.750375,1.59975
1.71325,1.6545
1.628875,1.75875
1.754125,1.617
1.745,1.556
1.6095,1.71575
1.7175,1.6585
1.7750000000000001,1.547125
1.641125,1.698625
1.679375,1.696125
1.7766250000000001,1.536
1.64275,1.70525
1.665125,1.756125
1.7946250000000001,1.5745
1.672125,1.6535
1.6323750000000001,1.7395
1.768375,1.616
1.726,1.6243750000000001
1.633,1.73025
1.7635,1.625125
1.746875,1.604125
1.607375,1.724875
1.71875,1.6283750000000001
1.762,1.5925
1.634625,1.747125
1.70475,1.67875
1.765625,1.54725
1.6263750000000001,1.700125
1.6572500000000001,1.715
1.7805,1.564125
1.6632500000000001,1.6545
1.628125,1.714625
1.76775,1.579
1.704,1.6345
1.612875,1.72075
1.7650000000000001,1.6155
1.710625,1.637875
1.61775,1.749125
1.755625,1.62175
1.739625,1.5725
1.590375,1.72325
1.7088750000000001,1.6480000000000001
1.756125,1.5625
1.601625,1.71525
1.6772500000000001,1.689125
1.7686250000000001,1.579
1.642125,1.7121250000000001
1.644125,1.724
1.754625,1.560375
1.647875,1.63825
1.611625,1.7415
1.76175,1.619
1.701125,1.629375
1.5818750000000001,1.731375
1.72,1.60625
1.7297500000000001,1.611625
1.603875,1.7753750000000001
1.7108750000000001,1.674375
1.7375,1.568625
1.5955000000000001,1.723625
1.705625,1.6728750000000001
1.748375,1.594625
1.6035,1.72325
1.6695,1.66275
1.7497500000000001,1.56875
1.619375,1.7265000000000001
1.66025,1.703125
1.756875,1.540875
1.62825,1.669875
1.6227500000000001,1.731625
1.75525,1.60725
1.676375,1.676
1.603,1.74875
1.74075,1.606375
1.704375,1.59975
1.586,1.7435
1.7035,1.64925
1.7345,1.560875
1.589375,1.7257500000000001
1.67225,1.67575
1.748875,1.549125
1.6185,1.73125
1.65875,1.725125
1.742375,1.562125
1.6091250000000001,1.666625
1.62375,1.7245000000000001
1.7575,1.5935000000000001
1.665125,1.655875
1.5985,1.7337500000000001
1.7325,1.598875
1.671,1.617125
1.569375,1.72425
1.7321250000000001,1.6280000000000001
1.71,1.632875
1.5818750000000001,1.7417500000000001
1.698625,1.6267500000000001
1.719625,1.585625
1.59,1.7335
1.686,1.65275
1.724625,1.547375
1.581625,1.72
1.632625,1.7115
1.741875,1.548
1.620875,1.65875
1.598375,1.7421250000000001
1.742,1.58675
1.669375,1.621
1.632125,1.699875
1.7435,1.56275
1.615625,1.697125
1.62425,1.6965000000000001
1.750125,1.58775
1.639375,1.70625
1.629625,1.719875
1.74825,1.5595
1.641125,1.666125
1.5947500000000001,1.76
1.73,1.567
1.671,1.6243750000000001
1.59775,1.770875
1.736625,1.6340000000000001
1.711375,1.595875
1.574375,1.733375
1.703,1.64875
1.7241250000000001,1.566625
1.5758750000000001,1.722375
1.67425,1.6895
1.757125,1.577
1.624,1.70875
1.639875,1.705125
1.73675,1.56875
1.619625,1.6775
1.627375,1.725625
1.74075,1.5662500000000001
1.632125,1.661375
1.603375,1.75475
1.7433750000000001,1.601625
1.64425,1.639375
1.58025,1.74325
1.7357500000000001,1.62925
1.691,1.6215
1.5778750000000001,1.735625
1.724625,1.633375
1.73275,1.599375
1.574125,1.729375
1.6885000000000001,1.650625
1.73475,1.5618750000000001
1.5875000000000001,1.7221250000000001
1.655125,1.685875
1.742625,1.5415
1.6091250000000001,1.685375
1.6207500000000001,1.73
1.747125,1.589875
1.6485,1.664875
1.592625,1.75
1.728875,1.6143750000000001
1.683625,1.6091250000000001
1.5818750000000001,1.73
1.7061250000000001,1.62925
1.71675,1.574125
1.5678750000000001,1.731125
1.68875,1.674125
1.73875,1.583625
1.5845,1.726625
1.633125,1.7075
1.7373750000000001,1.576
1.620125,1.67275
1.58975,1.7437500000000001
1.7357500000000001,1.598125
1.6665,1.596
1.56975,1.741
1.71175,1.65825
1.71175,1.60025
1.56125,1.735125
1.66375,1.700375
1.736625,1.564625
1.6027500000000001,1.6852500000000001
1.61225,1.70725
1.74475,1.586625
1.6480000000000001,1.6655
1.584625,1.73925
1.73,1.606875
1.694375,1.629375
1.5818750000000001,1.7665
1.7085000000000001,1.65875
1.718375,1.601875
1.5735000000000001,1.736625
1.679,1.6676250000000001
1.728625,1.558125
1.59925,1.72075
1.64975,1.705875
1.746,1.55175
1.627625,1.6796250000000001
1.603,1.7510000000000001
1.73625,1.614
1.6815,1.612625
1.58175,1.72825
1.71625,1.644625
1.7295,1.602875
1.58425,1.7395
1.681,1.66375
1.743625,1.5538750000000001
1.5945,1.712625
1.6652500000000001,1.6645
1.7317500000000001,1.54
1.597375,1.7225000000000001
1.6375,1.6872500000000001
1.717875,1.54975
1.5891250000000001,1.70775
1.703875,1.6516250000000001
1.722625,1.5485
1.5745,1.732
1.676375,1.6948750000000001
1.7397500000000001,1.589625
1.5991250000000001,1.717
1.65225,1.691375
1.7425,1.54975
1.61775,1.6772500000000001
1.6295,1.70875
1.7455,1.56
1.636125,1.659375
1.608875,1.7473750000000001
1.7513750000000001,1.600875
1.66575,1.61175
1.567,1.725
1.714875,1.617625
1.701625,1.594875
1.58175,1.7377500000000001
1.6832500000000001,1.6045
1.709875,1.598875
1.58475,1.764
1.697,1.6652500000000001
1.733625,1.552125
1.582625,1.707625
1.646625,1.6908750000000001
1.7413750000000001,1.5525
1.61575,1.6756250000000001
1.6123750000000001,1.729125
1.733875,1.595625
1.652125,1.650375
1.59275,1.73
1.73725,1.588
1.678625,1.5931250000000001
1.5698750000000001,1.770375
1.725375,1.666375
1.726875,1.582625
1.5685,1.717
1.6775,1.655875
1.730375,1.583625
1.59425,1.7221250000000001
1.655375,1.681
1.73825,1.562125
1.61825,1.696
1.630625,1.714375
1.7421250000000001,1.5522500000000001
1.633625,1.649375
1.604625,1.7473750000000001
1.74225,1.614625
1.6560000000000001,1.6460000000000001
1.579375,1.74675
1.734875,1.62025
1.6955,1.604
1.57325,1.743125
1.706625,1.656125
1.7221250000000001,1.605
1.5745,1.754375
1.682625,1.643375
1.721875,1.53975
1.583375,1.708625
1.671125,1.6560000000000001
1.729375,1.57175
1.585875,1.7275
1.61725,1.70475
1.7108750000000001,1.5638750000000001
1.5985,1.697625
1.55925,1.7377500000000001
1.679,1.5825
1.604,1.664625
1.549,1.7557500000000001
1.680375,1.5955000000000001
1.610875,1.6055
1.52025,1.791125
1.67775,1.658875
1.640875,1.596
1.508625,1.7415
1.646875,1.651
1.6445,1.608625
1.51775,1.74275
1.629,1.653125
1.6756250000000001,1.5525
1.535375,1.735125
1.605625,1.720875
1.697375,1.5565
1.583,1.6815
1.5935000000000001,1.733
1.7185000000000001,1.583375
1.636875,1.629875
1.56725,1.744
1.7081250000000001,1.625
1.681,1.5991250000000001
1.55575,1.73225
1.682,1.63375
1.727625,1.58475
1.584375,1.733375
1.6595,1.6748750000000001
1.732625,1.557375
1.594625,1.69375
1.626125,1.7181250000000001
1.7525,1.58075
1.6383750000000001,1.6775
1.602875,1.74475
1.742,1.599
1.69775,1.6463750000000001
1.60025,1.7666250000000001
1.726375,1.624
1.726375,1.57025
1.588875,1.735875
1.6988750000000001,1.674625
1.7517500000000001,1.561125
1.608125,1.70425
1.654875,1.690375
1.7537500000000001,1.55525
1.638125,1.6585
1.62325,1.7315
1.7685,1.584625
1.691875,1.62575
1.602875,1.7713750000000001
1.7475,1.633625
1.722,1.593375
1.593875,1.735125
1.717125,1.64575
1.747,1.552125
1.6047500000000001,1.698
1.6892500000000001,1.7068750000000001
1.77075,1.5838750000000001
1.626875,1.6868750000000001
1.63375,1.694125
1.7610000000000001,1.557625
1.669875,1.65525
1.617125,1.721875
1.74125,1.5971250000000001
1.700375,1.637
1.609875,1.76325
1.736375,1.62575
1.73525,1.5662500000000001
1.598875,1.724375
1.6788750000000001,1.665875
1.745625,1.55175
1.61125,1.688625
1.6355,1.71475
1.759875,1.5698750000000001
1.64275,1.662875
1.596625,1.7565
1.762,1.629875
1.712625,1.606
1.5845,1.715625
1.711125,1.624625
1.733375,1.5725
1.5935000000000001,1.74475
1.687,1.682
1.75825,1.5226250000000001
1.594625,1.664625
1.606375,1.7495
1.775625,1.649
1.682125,1.6765
1.595875,1.7485
1.72475,1.6165
1.7085000000000001,1.60425
1.595,1.74
1.703125,1.649
1.727875,1.55525
1.582625,1.722375
1.6615,1.707375
1.7650000000000001,1.5455
1.6223750000000001,1.665
1.60975,1.7465
1.760875,1.610125
1.679,1.646125
1.574,1.7433750000000001
1.71725,1.607625
1.718625,1.586875
1.598,1.750125
1.707375,1.6715
1.744,1.558875
1.591625,1.729375
1.712,1.65325
1.7373750000000001,1.576625
1.57,1.65025
1.6605,1.66625
1.7670000000000001,1.635875
1.6400000000000001,1.762375
1.6536250000000001,1.707875
1.74325,1.5462500000000001
1.619625,1.67
1.643,1.708
1.762625,1.5685
1.645,1.658375
1.60325,1.725875
1.749125,1.599375
1.677,1.63675
1.611875,1.682125
1.749875,1.58075
1.6772500000000001,1.69875
1.600125,1.75675
1.736375,1.585375
1.695375,1.59725
1.57925,1.751625
1.72525,1.6295
1.7101250000000001,1.595375
1.59125,1.723125
1.7345,1.5665
1.669875,1.53175
1.568375,1.775875
1.73525,1.737
1.74275,1.626875
1.58625,1.728875
1.68825,1.656375
1.750125,1.55775
1.6105,1.71275
1.6525,1.69775
1.746875,1.541
1.640125,1.661875
1.617125,1.74225
1.748625,1.59
1.673125,1.639
1.5825,1.7317500000000001
1.721625,1.61825
1.722625,1.62125
1.5965,1.729875
1.693625,1.608125
1.7161250000000001,1.5538750000000001
1.606125,1.7517500000000001
1.689375,1.6935
1.7497500000000001,1.541125
1.60575,1.669375
1.62325,1.722875
1.760375,1.58825
1.68375,1.651375
1.603875,1.712
1.729375,1.596625
1.6925000000000001,1.635
1.5947500000000001,1.765125
1.725375,1.655875
1.729125,1.591625
1.575125,1.720625
1.666875,1.66375
1.741125,1.553
1.617125,1.715125
1.646875,1.6305
1.7185000000000001,1.391375
1.6065,1.707125
1.6403750000000001,1.8611250000000001
1.789875,1.64375
1.6925000000000001,1.617125
1.575125,1.736
1.71875,1.61925
1.7155,1.59125
1.579625,1.740625
1.672375,1.63775
1.706,1.536
1.5446250000000001,1.683
1.439375,1.622
1.366,1.44475
1.312125,1.607625
1.8727500000000001,1.802
2.13275,1.654375
1.751625,1.64575
1.47425,1.727
1.6808750000000001,1.6325
1.7197500000000001,1.6443750000000001
1.440625,1.71575
1.408,1.567125
1.630875,1.562875
1.783625,1.774
1.7510000000000001,1.685875
1.51625,1.517125
1.487,1.6872500000000001
1.703625,1.70425
1.740375,1.5598750000000001
1.3075,1.584625
1.0150000000000001,1.573375
1.467625,1.5185
1.842,1.648625
1.96925,1.683625
1.837,1.650125
1.55925,1.68425
1.67825,1.6127500000000001
1.774875,1.59025
1.6520000000000001,1.741
1.6247500000000001,1.63425
1.626625,1.483875
1.4865,1.6515
1.54675,1.6685
1.73525,1.536125
1.7685,1.724375
1.816125,1.812625
1.825375,1.568875
1.531875,1.593
1.42675,1.762
1.73475,1.643375
1.767125,1.562875
1.459625,1.557125
1.321625,1.476375
1.403125,1.557375
1.89575,1.74825
2.059125,1.594375
1.795875,1.55
1.556,1.886125
1.5355,1.81525
1.651125,1.542
1.6572500000000001,1.57325
1.520125,1.6556250000000001
1.386875,1.559
1.46425,1.60825
1.819625,1.712
1.76625,1.515125
1.475375,1.496
1.54775,1.776375
1.6556250000000001,1.6612500000000001
1.6143750000000001,1.482375
1.18525,1.614125
1.439375,1.64225
1.37925,1.35425
0.833875,1.437375
1.4841250000000001,1.6988750000000001
2.45675,1.6728750000000001
1.8485,1.588875
0.932,1.539125
1.166875,1.506625
1.680625,1.610625
1.70925,1.8155000000000001
2.059875,1.699625
1.940625,1.584
1.640625,1.734
1.4392500000000001,1.606375
1.355625,1.420625
1.435875,1.766375
1.657,1.802
1.90425,1.468625
1.228875,1.5485
1.450125,1.7785
1.98,1.681125
1.861,1.676125
1.254125,1.7028750000000001
1.445375,1.60575
1.803625,1.55125
1.7926250000000001,1.7477500000000001
1.8095,1.6945000000000001
1.5445,1.52575
1.42825,1.691625
1.6928750000000001,1.812375
1.7982500000000001,1.639875
1.437625,1.58075
1.349375,1.720875
1.363,1.6275
1.778875,1.628125
1.88425,1.77825
1.868875,1.682375
1.581375,1.51925
1.345375,1.7590000000000001
1.5330000000000001,1.6825
1.332375,1.523875
1.32975,1.678625
1.549375,1.7337500000000001
2.0435,1.635375
1.95425,1.6752500000000001
1.577125,1.749
1.182625,1.631
1.27975,1.582125
1.692125,1.745625
1.70925,1.6655
1.960375,1.561625
1.6455,1.70775
1.1576250000000001,1.7095
1.504625,1.574875
1.611375,1.67025
1.7035,1.68975
1.631625,1.572875
1.405125,1.6520000000000001
1.247875,1.8142500000000001
1.9541250000000001,1.6163750000000001
2.004375,1.590625
1.2690000000000001,1.718875
1.7301250000000001,1.615625
1.69075,1.672
1.56975,1.687875
1.38075,1.5005
1.27225,1.664375
1.5482500000000001,1.702375
1.685875,1.549
1.33125,1.618
1.732,1.7733750000000001
1.96675,1.734875
1.52275,1.68275
1.4761250000000001,1.680125
1.88175,1.597375
1.735125,1.586375
1.11575,1.75075
1.030125,1.69575
1.695125,1.447625
1.84025,1.6765
1.62425,1.6895
1.14525,1.55325
1.471375,1.71825
2.305,1.78075
2.198875,1.646875
1.334875,1.65425
1.254375,1.702125
1.7830000000000001,1.551125
1.22325,1.73525
0.51325,1.693125
1.51525,1.534875
2.131125,1.652375
1.97275,1.732375
1.911375,1.536375
1.85225,1.6496250000000001
1.6695,1.77575
1.566125,1.67025
1.6785,1.575
1.58975,1.713
1.372,1.65375
1.56725,1.54575
1.7942500000000001,1.736625
1.720375,1.66075
1.153125,1.470375
0.833375,1.748875
1.655875,1.729875
2.19075,1.491875
1.858125,1.678
1.006875,1.769125
1.6463750000000001,1.439375
1.91675,1.423375
1.364,1.6812500000000001
0.61025,1.71475
1.7695,1.768
2.833625,1.7670000000000001
2.107375,1.578625
0.881,1.58525
0.72,1.66825
1.707,1.6085
2.332875,1.485
1.206375,1.692625
0.71775,1.419875
1.826625,1.76675
2.15675,1.86825
1.8258750000000001,1.617375
0.898625,1.45175
1.546875,1.541375
2.082375,1.7982500000000001
1.217375,1.637375
0.22087500000000002,1.543625
1.84525,1.642125
2.7996250000000003,1.611
2.040125,1.740625
1.37625,1.664125
1.535125,1.453625
1.222,1.6235
1.313625,1.7946250000000001
1.000125,1.582875
1.301375,1.625625
3.1445,1.795875
2.891875,1.66225
1.801,1.740875
1.395875,1.811625
1.664125,1.5745
1.555625,1.400625
0.6155,1.82575
0.8991250000000001,1.739625
1.102125,1.49275
1.859,1.462875
2.6645,1.60575
2.1005000000000003,1.684625
1.5778750000000001,1.7735
1.610125,1.660375
1.81575,1.6107500000000001
1.70125,1.6456250000000001
2.113875,1.69275
2.086,1.633875
1.698125,1.74325
1.61225,1.779875
1.49525,1.5738750000000001
1.814125,1.5685
1.5642500000000001,1.713875
2.26675,1.67825
2.100875,1.686625
1.762,1.7475
1.8707500000000001,1.6716250000000001
1.804125,1.689125
1.696,1.762375
1.8865,1.653
1.956375,1.6283750000000001
1.6775,1.731625
1.406875,1.56875
1.416,1.6005
2.370625,1.861875
2.42325,1.7035
1.9136250000000001,1.5095
1.58475,1.64125
1.798375,1.618625
1.985625,1.58825
1.8531250000000001,1.7725
1.8298750000000001,1.780375
1.9275,1.563
1.812875,1.49525
1.793125,1.668625
1.99475,1.6875
1.888875,1.7265000000000001
1.77625,1.781375
1.904125,1.65075
1.722875,1.587875
1.506125,1.7121250000000001
1.93775,1.6585
2.171375,1.602125
1.94275,1.775625
1.858625,1.69425
1.8691250000000001,1.5678750000000001
1.756875,1.722375
1.859,1.7025000000000001
1.9000000000000001,1.577
1.76725,1.674
1.8035,1.62725
1.921375,1.506125
1.79325,1.6215
1.82425,1.856625
1.9575,1.60325
1.855875,1.6165
1.81325,1.7590000000000001
1.95275,1.6460000000000001
1.8943750000000001,1.6107500000000001
1.7690000000000001,1.740375
1.90625,1.648625
1.925,1.5625
1.772125,1.7335
1.8295000000000001,1.69675
1.857875,1.595875
1.657,1.673375
1.8338750000000001,1.644875
2.0140000000000002,1.63025
1.8235000000000001,1.782
1.793,1.62825
1.86575,1.453
1.7537500000000001,1.6480000000000001
1.7553750000000001,1.8158750000000001
1.901125,1.63775
1.873125,1.641
1.79875,1.752625
1.8936250000000001,1.666125
1.862125,1.62925
1.782125,1.833375
1.9112500000000001,1.6752500000000001
1.921875,1.548875
1.7565,1.721
1.809125,1.6885000000000001
1.9045,1.562375
1.78475,1.693625
1.784375,1.735625
1.9045,1.5622500000000001
1.8155000000000001,1.6223750000000001
1.742375,1.76825
1.891,1.52775
1.748875,1.5678750000000001
1.7,1.672375
1.8867500000000001,1.60225
1.83025,1.74675
1.72925,1.8278750000000001
1.862,1.61925
1.816875,1.4957500000000001
1.694,1.72075
1.8705,1.772875
1.91775,1.64575
1.718375,1.687125
1.750875,1.6765
1.865625,1.6071250000000001
1.74125,1.7125000000000001
1.748875,1.7345
1.866,1.526375
1.7457500000000001,1.55175
1.66225,1.723625
1.820625,1.7261250000000001
1.8291250000000001,1.6868750000000001
1.6892500000000001,1.703125
1.810125,1.6071250000000001
1.805375,1.602
1.64475,1.779125
1.80775,1.691875
1.831625,1.665875
1.690375,1.769125
1.778875,1.655125
1.7786250000000001,1.5655000000000001
1.654625,1.6908750000000001
1.811125,1.701
1.820875,1.68225
1.6536250000000001,1.797
1.749875,1.667125
1.77925,1.528
1.64275,1.7465
1.703375,1.692625
1.78125,1.537
1.66075,1.763875
1.6776250000000001,1.727
1.770125,1.544
1.6595,1.699125
1.6287500000000001,1.7357500000000001
1.7385,1.5270000000000001
1.641,1.669
1.6051250000000001,1.8185
1.73075,1.604625
1.643875,1.616625
1.55925,1.8005
1.737,1.6995
1.69225,1.600625
1.532875,1.6792500000000001
1.6636250000000001,1.618125
1.71525,1.71325
1.580125,1.854875
1.68375,1.64275
1.6932500000000001,1.552
1.5455,1.72
1.66875,1.6485
1.728875,1.623125
1.58825,1.774125
1.661125,1.6572500000000001
1.69275,1.577125
1.5662500000000001,1.742
1.680125,1.6756250000000001
1.745125,1.525125
1.57075,1.618125
1.588625,1.754625
1.76725,1.651125
1.654625,1.695375
1.5995000000000001,1.757125
1.738625,1.66025
1.671125,1.6715
1.584125,1.73
1.7555,1.6025
1.6952500000000001,1.668625
1.58375,1.812375
1.740875,1.63775
1.69425,1.525625
1.580625,1.681625
1.746,1.64975
1.709375,1.660375
1.59175,1.834125
1.738375,1.635625
1.71675,1.521625
1.5645,1.7397500000000001
1.693875,1.707
1.729875,1.5725
1.5658750000000001,1.7155
1.673,1.738
1.761625,1.5578750000000001
1.60425,1.67775
1.65425,1.738375
1.746,1.6143750000000001
1.6115,1.693875
1.6227500000000001,1.656625
1.72675,1.60125
1.638125,1.715625
1.6085,1.755625
1.755625,1.60375
1.6635,1.665875
1.5845,1.726625
1.730875,1.609625
1.672625,1.62425
1.56775,1.73825
1.732625,1.639625
1.7217500000000001,1.6127500000000001
1.58175,1.752625
1.70475,1.618
1.712375,1.565
1.56,1.759125
1.692125,1.70475
1.714375,1.5678750000000001
1.560125,1.72625
1.6632500000000001,1.718625
1.753125,1.608875
1.607625,1.734875
1.62925,1.723625
1.735875,1.5765
1.622125,1.705625
1.628625,1.734625
1.750125,1.57225
1.62125,1.6460000000000001
1.5925,1.7355
1.74525,1.597375
1.643375,1.6307500000000001
1.577,1.7145000000000001
1.70875,1.65425
1.687625,1.6436250000000001
1.563125,1.7635
1.694,1.639875
1.697,1.602
1.562375,1.7775
1.69025,1.667375
1.707625,1.533875
1.54725,1.685875
1.64825,1.7433750000000001
1.739875,1.631375
1.593375,1.712875
1.6385,1.661125
1.719625,1.524375
1.594625,1.705875
1.609,1.78025
1.740875,1.607375
1.639,1.66425
1.565125,1.7465
1.707125,1.57075
1.67075,1.629
1.565,1.766125
1.698,1.67275
1.703375,1.687
1.561625,1.7855
1.699375,1.646625
1.71675,1.571125
1.5615,1.743875
1.6525,1.6835
1.731375,1.57425
1.58975,1.727125
1.603625,1.7357500000000001
1.719125,1.58575
1.627125,1.701625
1.573375,1.7735
1.705,1.61775
1.664625,1.6425
1.544375,1.7317500000000001
1.6875,1.670625
1.713,1.627375
1.562625,1.764
1.645,1.694625
1.7135,1.5635000000000001
1.5778750000000001,1.705
1.61375,1.75525
1.735125,1.614125
1.61125,1.6736250000000001
1.549,1.766
1.707,1.626875
1.635,1.60925
1.543875,1.769125
1.706,1.679875
1.695875,1.582625
1.5250000000000001,1.71
1.642875,1.719375
1.721625,1.61025
1.57175,1.7195
1.599625,1.71225
1.706375,1.560625
1.6035,1.698625
1.5818750000000001,1.792875
1.717875,1.6300000000000001
1.653,1.6295
1.543375,1.762
1.682,1.645125
1.685,1.5478750000000001
1.55925,1.7510000000000001
1.668625,1.70925
1.71775,1.5522500000000001
1.56775,1.6845
1.600375,1.73625
1.722875,1.6235
1.623875,1.7095
1.584,1.746625
1.70775,1.57775
1.631,1.634875
1.55275,1.780375
1.703,1.651125
1.6788750000000001,1.59225
1.5345,1.70925
1.66875,1.685125
1.728,1.59925
1.56975,1.725875
1.6225,1.6865
1.7141250000000001,1.543875
1.58575,1.6805
1.582625,1.7297500000000001
1.717875,1.5815000000000001
1.6323750000000001,1.6345
1.5395,1.70475
1.683,1.65025
1.695875,1.669375
1.566625,1.768375
1.6755,1.643375
1.696375,1.574375
1.5455,1.7115
1.62525,1.67025
1.71575,1.558625
1.57675,1.731125
1.617125,1.742625
1.712625,1.57575
1.593875,1.6443750000000001
1.597875,1.706625
1.742,1.6125
1.6243750000000001,1.6825
1.5595,1.7197500000000001
1.700625,1.579375
1.65025,1.6323750000000001
1.5558750000000001,1.7435
1.70325,1.6203750000000001
1.6705,1.61375
1.550375,1.7305
1.706375,1.63525
1.69725,1.6195
1.553375,1.759125
1.690375,1.647
1.697625,1.5775000000000001
1.555625,1.710625
1.659,1.6635
1.7155,1.57825
1.5635000000000001,1.725875
1.636625,1.676375
1.71625,1.545625
1.573625,1.677
1.6456250000000001,1.717375
1.73,1.581625
1.5851250000000001,1.682375
1.58975,1.684125
1.709875,1.558375
1.62125,1.69975
1.576375,1.7537500000000001
1.712375,1.587375
1.644875,1.615625
1.561375,1.731125
1.70475,1.6051250000000001
1.685875,1.6031250000000001
1.5602500000000001,1.78125
1.6985000000000001,1.655125
1.69775,1.551
1.548125,1.709625
1.643375,1.6796250000000001
1.724875,1.570625
1.58375,1.708625
1.608625,1.6403750000000001
1.716625,1.5422500000000001
1.617,1.71325
1.620875,1.736625
1.725875,1.575625
1.604125,1.667
1.5705,1.73425
1.71625,1.5935000000000001
1.655,1.593375
1.554375,1.717
1.713875,1.652125
1.69725,1.6175
1.558375,1.74725
1.683125,1.655125
1.72275,1.540875
1.56775,1.65375
1.646625,1.6540000000000001
1.731375,1.5987500000000001
1.5955000000000001,1.733125
1.6280000000000001,1.674125
1.723875,1.552125
1.6047500000000001,1.6932500000000001
1.613,1.73075
1.738,1.5582500000000001
1.63025,1.642875
1.5765,1.735
1.72825,1.597375
1.67775,1.610625
1.574875,1.7205000000000001
1.730625,1.60025
1.697375,1.597
1.558625,1.730625
1.703125,1.64775
1.7317500000000001,1.5755000000000001
1.57975,1.721125
1.67,1.66375
1.748375,1.5538750000000001
1.602375,1.705625
1.621125,1.695375
1.7417500000000001,1.5455
1.632625,1.6505
1.588875,1.729125
1.7335,1.60125
1.6755,1.6585
1.587875,1.749625
1.726375,1.617625
1.70525,1.593625
1.574375,1.738625
1.70775,1.631875
1.729375,1.544125
1.5865,1.711125
1.679125,1.68825
1.737125,1.58475
1.59,1.72825
1.652875,1.66375
1.7315,1.557625
1.57375,1.710375
1.64825,1.683375
1.743125,1.5755000000000001
1.6163750000000001,1.689875
1.62175,1.68775
1.738375,1.556375
1.633125,1.68025
1.5845,1.749875
1.735875,1.584
1.6828750000000001,1.59925
1.582875,1.77275
1.725125,1.643375
1.71275,1.56125
1.566875,1.725125
1.693125,1.663375
1.7317500000000001,1.55
1.581375,1.7195
1.653375,1.6855
1.74725,1.564
1.61425,1.70875
1.627,1.71425
1.737875,1.556
1.650125,1.652875
1.6051250000000001,1.7385
1.7353750000000001,1.572375
1.663375,1.621125
1.583625,1.754875
1.731,1.611
1.707625,1.586875
1.572375,1.780125
1.6912500000000001,1.693625
1.731875,1.537625
1.590875,1.6912500000000001
1.647,1.7135
1.738625,1.571125
1.613875,1.6612500000000001
1.588125,1.7255
1.740625,1.589
1.685625,1.62925
1.576125,1.733875
1.7081250000000001,1.649875
1.7197500000000001,1.6085
1.5885,1.702625
1.679375,1.627125
1.7405,1.595625
1.609,1.748875
1.656625,1.70375
1.740375,1.547
1.619,1.6815
1.6007500000000001,1.73725
1.744875,1.5791250000000001
1.675875,1.625375
1.5915000000000001,1.746625
1.72475,1.638125
1.6995,1.604875
1.561125,1.704
1.682,1.622125
1.74475,1.562
1.607875,1.7337500000000001
1.6516250000000001,1.7155
1.74925,1.5665
1.621125,1.675125
1.595375,1.727125
1.733375,1.57275
1.6620000000000001,1.63125
1.58425,1.752625
1.73875,1.6055
1.680375,1.5965
1.56575,1.7215
1.725125,1.58675
1.6988750000000001,1.64975
1.592375,1.7733750000000001
1.735125,1.6007500000000001
1.7068750000000001,1.582875
1.582375,1.7593750000000001
1.71375,1.623125
1.7255,1.541125
1.57975,1.7105000000000001
1.6845,1.6888750000000001
1.75475,1.584
1.61225,1.705875
1.6585,1.640625
1.744125,1.5275
1.6385,1.696625
1.63775,1.719125
1.754,1.567375
1.6635,1.64225
1.598,1.721
1.74225,1.5738750000000001
1.680625,1.596125
1.582375,1.72325
1.739875,1.624875
1.7035,1.631
1.58525,1.756625
1.7301250000000001,1.6215
1.718875,1.592875
1.582875,1.715625
1.702125,1.631125
1.7305,1.5462500000000001
1.58125,1.70525
1.67025,1.683125
1.753125,1.545625
1.60225,1.6600000000000001
1.649,1.70825
1.76775,1.578
1.64475,1.66225
1.609375,1.713125
1.7505,1.576
1.66875,1.61575
1.580375,1.725375
1.750375,1.606875
1.709875,1.609375
1.58225,1.7395
1.722875,1.607875
1.71275,1.59825
1.587375,1.738375
1.718,1.602875
1.705625,1.5193750000000001
1.589,1.73875
1.7321250000000001,1.643
1.742375,1.5725
1.58525,1.716
1.674625,1.649125
1.747625,1.536875
1.6067500000000001,1.697
1.65875,1.670375
1.74325,1.524875
1.608,1.6555
1.63025,1.711625
1.754125,1.575375
1.657,1.6243750000000001
1.5895000000000001,1.74125
1.758875,1.621625
1.689625,1.6227500000000001
1.6011250000000001,1.726
1.7415,1.594375
1.679,1.571
1.575125,1.7345
1.745875,1.642875
1.7181250000000001,1.608625
1.572625,1.707875
1.7035,1.625375
1.7453750000000001,1.5911250000000001
1.598,1.73825
1.70125,1.650875
1.74125,1.5542500000000001
1.590125,1.7101250000000001
1.674375,1.6375
1.757625,1.5235
1.619625,1.7095
1.66625,1.681625
1.7435,1.5155
1.619625,1.672125
1.64625,1.7513750000000001
1.764875,1.60125
1.666125,1.6500000000000001
1.6,1.7217500000000001
1.75925,1.580875
1.6748750000000001,1.603625
1.5825,1.7261250000000001
1.74325,1.62175
1.73625,1.61125
1.603625,1.75275
1.713,1.64475
1.729375,1.5725
1.570625,1.697
1.6725,1.648875
1.771875,1.575375
1.6255,1.70925
1.64375,1.698
1.759625,1.566
1.6335,1.677
1.60925,1.7181250000000001
1.753875,1.57925
1.6363750000000001,1.6855
1.6280000000000001,1.71575
1.76025,1.570375
1.6612500000000001,1.618
1.597625,1.7125000000000001
1.7693750000000001,1.6383750000000001
1.707375,1.6545
1.599625,1.738
1.734625,1.621375
1.7361250000000001,1.5995000000000001
1.6011250000000001,1.740375
1.705625,1.651
1.7353750000000001,1.558875
1.59175,1.697
1.668875,1.672125
1.7525,1.5462500000000001
1.609375,1.6785
1.629875,1.736875
1.764875,1.5885
1.6440000000000001,1.6785
1.607875,1.737125
1.748125,1.5891250000000001
1.669125,1.646625
1.58875,1.7445
1.741875,1.55325
1.6343750000000001,1.694375
1.61525,1.72875
1.742375,1.551
1.662375,1.6560000000000001
1.605625,1.76575
1.74825,1.6125
1.679875,1.62175
1.587,1.73925
1.7285,1.635125
1.714,1.6303750000000001
1.57975,1.74425
1.69725,1.643875
1.7510000000000001,1.537625
1.6067500000000001,1.7115
1.6565,1.705125
1.752375,1.57575
1.617625,1.687
1.614,1.71725
1.758125,1.5811250000000001
1.679875,1.6436250000000001
1.592625,1.719625
1.7221250000000001,1.637375
1.715625,1.6300000000000001
1.586625,1.749625
1.74325,1.6107500000000001
1.70775,1.594375
1.570875,1.7341250000000001
1.701,1.6436250000000001
1.734875,1.55125
1.58825,1.695625
1.654625,1.673375
1.748375,1.570375
1.62725,1.68475
1.6147500000000001,1.738875
1.750375,1.598375
1.66275,1.62725
1.578375,1.7445
1.72225,1.638125
1.710375,1.576375
1.57725,1.711
1.6832500000000001,1.649375
1.717375,1.5558750000000001
1.563,1.72425
1.6325,1.74
1.72925,1.5965
1.573625,1.699625
1.5618750000000001,1.7141250000000001
1.699875,1.57625
1.617,1.664625
1.571,1.731875
1.69775,1.582375
1.578,1.6785
1.52525,1.7215
1.6636250000000001,1.573375
1.62525,1.669875
1.533625,1.7978750000000001
1.6675,1.625875
1.63125,1.594375
1.516125,1.7335
1.69075,1.6395
1.671375,1.62825
1.5455,1.749875
1.666375,1.615875
1.701375,1.558
1.56775,1.739
1.6560000000000001,1.6792500000000001
1.71875,1.541625
1.58675,1.693375
1.625875,1.70675
1.741625,1.60375
1.646125,1.69475
1.602125,1.7181250000000001
1.733625,1.572125
1.679,1.6456250000000001
1.596,1.76275
1.73625,1.615625
1.706375,1.6011250000000001
1.579375,1.72425
1.70975,1.626875
1.75075,1.6071250000000001
1.60325,1.7535
1.676125,1.68425
1.75725,1.541375
1.616625,1.6705
1.624625,1.712875
1.773625,1.58575
1.668125,1.65225
1.609625,1.7325
1.7575,1.595625
1.69,1.59625
1.592375,1.746875
1.756375,1.620625
1.74075,1.562625
1.603,1.75
1.726625,1.685
1.7690000000000001,1.5605
1.619875,1.69975
1.68,1.6792500000000001
1.774,1.542
1.6436250000000001,1.70425
1.653875,1.7305
1.784375,1.56275
1.667375,1.6496250000000001
1.62375,1.72525
1.77875,1.58725
1.693375,1.636875
1.61175,1.74525
1.7557500000000001,1.6085
1.719375,1.58725
1.592375,1.71525
1.728,1.650875
1.7593750000000001,1.6027500000000001
1.60375,1.7355
1.679875,1.664625
1.766,1.539375
1.646125,1.700375
1.6476250000000001,1.700375
1.78025,1.590375
1.683625,1.695875
1.62425,1.748
1.76675,1.579
1.70925,1.609875
1.6051250000000001,1.734625
1.7453750000000001,1.61625
1.7473750000000001,1.586875
1.61325,1.7575
1.7353750000000001,1.675
1.765875,1.5585
1.601375,1.6875
1.672,1.681125
1.782375,1.575125
1.649375,1.689
1.6325,1.70725
1.762625,1.561125
1.677875,1.6500000000000001
1.60975,1.752
1.7593750000000001,1.6335
1.725875,1.628125
1.6047500000000001,1.747125
1.739,1.61025
1.7365,1.5758750000000001
1.604,1.7477500000000001
1.700125,1.67425
1.7630000000000001,1.58725
1.6300000000000001,1.73225
1.6672500000000001,1.6945000000000001
1.755875,1.541375
1.6436250000000001,1.661375
1.6303750000000001,1.718625
1.7685,1.573125
1.6776250000000001,1.644625
1.60025,1.74325
1.744,1.621375
1.709625,1.596625
1.59225,1.748875
1.7417500000000001,1.663875
1.753625,1.59325
1.5991250000000001,1.750375
1.63025,1.70175
1.694125,1.607
1.2906250000000001,1.741875
1.4225,1.702
1.673125,1.56175
1.5582500000000001,1.702
1.50925,1.7550000000000001
1.64425,1.58075
1.591625,1.623375
1.53025,1.74525
1.67675,1.6340000000000001
1.65075,1.62525
1.5342500000000001,1.756875
1.675125,1.6320000000000001
1.709875,1.537
1.571375,1.723625
1.656625,1.66875
1.7237500000000001,1.53875
1.57925,1.6775
1.6187500000000001,1.684625
1.741625,1.582625
1.626625,1.705625
1.600125,1.70325
1.735625,1.5362500000000001
1.6616250000000001,1.6123750000000001
1.59075,1.7573750000000001
1.742375,1.633875
1.711875,1.587375
1.5871250000000001,1.7075
1.7215,1.6105
1.742375,1.579
1.60375,1.74425
1.694625,1.66975
1.7565,1.543125
1.621,1.6912500000000001
1.648375,1.703125
1.760125,1.555375
1.645,1.660375
1.6165,1.709
1.7575,1.570625
1.692125,1.645
1.611625,1.757625
1.751625,1.619125
1.718875,1.568375
1.5955000000000001,1.74875
1.7335,1.672125
1.756,1.5662500000000001
1.606,1.70525
1.674625,1.670375
1.762375,1.537
1.6400000000000001,1.686625
1.644875,1.7355
1.76975,1.545
1.674125,1.609
1.606875,1.76425
1.7610000000000001,1.6355
1.73525,1.602875
1.6071250000000001,1.74125
1.7201250000000001,1.6748750000000001
1.76425,1.58475
1.612875,1.713625
1.67475,1.68825
1.7713750000000001,1.55175
1.6425,1.6685
1.628875,1.73425
1.7645,1.591875
1.703625,1.62575
1.6105,1.736375
1.734375,1.608625
1.71825,1.563125
1.6087500000000001,1.737625
1.7257500000000001,1.675375
1.762875,1.566625
1.608375,1.6852500000000001
1.6635,1.6888750000000001
1.7805,1.564625
1.66275,1.660625
1.630125,1.742
1.779125,1.604
1.715375,1.617875
1.61175,1.745125
1.74,1.6445
1.745,1.58025
1.605875,1.728375
1.7161250000000001,1.664625
1.772125,1.5455
1.6183750000000001,1.67025
1.6592500000000001,1.705
1.7735,1.5915000000000001
1.6696250000000001,1.694125
1.625125,1.738875
1.7550000000000001,1.575625
1.712,1.63625
1.6147500000000001,1.771875
1.743125,1.63275
1.725,1.557375
1.591375,1.718375
1.751125,1.639125
1.7377500000000001,1.59325
1.588875,1.732375
1.7217500000000001,1.64325
1.745125,1.562875
1.5951250000000001,1.7241250000000001
1.694375,1.666625
1.7577500000000001,1.5446250000000001
1.617875,1.68375
1.639,1.687875
1.75625,1.5585
1.627125,1.669875
1.61975,1.721
1.762625,1.5871250000000001
1.644875,1.663875
1.608,1.716875
1.7613750000000001,1.5838750000000001
1.666625,1.6435
1.5951250000000001,1.741125
1.73725,1.606
1.7005000000000001,1.59775
1.589875,1.749125
1.7361250000000001,1.631125
1.7175,1.5625
1.582625,1.745
1.7155,1.657875
1.744,1.54375
1.592625,1.70375
1.685,1.67175
1.7573750000000001,1.56125
1.617125,1.709625
1.6536250000000001,1.67975
1.75125,1.536375
1.6340000000000001,1.677
1.63675,1.7065000000000001
1.7565,1.55875
1.63875,1.652125
1.6,1.7397500000000001
1.7493750000000001,1.5915000000000001
1.6792500000000001,1.60825
1.593,1.712625
1.7357500000000001,1.625
1.71875,1.624875
1.59375,1.749125
1.721375,1.6303750000000001
1.73075,1.558375
1.5985,1.708375
1.687,1.6600000000000001
1.7505,1.5037500000000001
1.59,1.622625
1.62925,1.711625
1.754875,1.5382500000000001
1.599875,1.63925
1.603875,1.727375
1.76875,1.538375
1.67025,1.702
1.6075,1.731625
1.723875,1.579375
1.6945000000000001,1.569
1.588375,1.6535
1.723,1.672625
1.745125,1.620625
1.592375,1.7237500000000001
1.698125,1.6335
1.747,1.5113750000000001
1.5871250000000001,1.707125
1.651375,1.71925
1.722625,1.497625
1.587625,1.5435
1.71925,1.75125
1.776375,1.605
1.5985,1.68275
1.630875,1.563125
1.7557500000000001,1.606875
1.65825,1.7433750000000001
1.638125,1.667875
1.7425,1.49525
1.629875,1.6565
1.604625,1.665375
1.72625,1.4885
1.67175,1.59975
1.604125,1.70925
1.744375,1.572625
1.6768750000000001,1.688375
1.593,1.7545
1.7537500000000001,1.61925
1.736375,1.535625
1.570625,1.679
1.7068750000000001,1.616125
1.72475,1.499625
1.584375,1.695375
1.709125,1.535875
1.680125,1.5435
1.6143750000000001,1.85925
1.703125,1.65425
1.721125,1.3415000000000001
1.581,1.668
1.6952500000000001,1.618
1.7265000000000001,1.584375
1.616,1.665375
1.655,1.6495
1.731,1.50525
1.5865,1.5805
1.640875,1.749875
1.735,1.508625
1.6280000000000001,1.662375
1.61125,1.721875
1.739875,1.418875
1.647875,1.61175
1.572125,1.790125
1.727125,1.693375
1.7341250000000001,1.3735
1.492375,1.38525
1.7235,1.841625
1.745625,1.653375
1.604,1.7826250000000001
1.7393750000000001,1.6031250000000001
1.702125,1.402875
1.5465,1.5385
1.582125,1.620875
1.779625,1.683875
1.626875,1.428
1.641875,1.824125
1.731375,1.52925
1.605,1.715125
1.688625,1.838875
1.778125,1.500625
1.578375,1.596
1.5605,1.70325
1.712375,1.714625
1.7425,1.62125
1.586,1.4605000000000001
1.659,1.71475
1.7445,1.7125000000000001
1.550125,1.7245000000000001
1.705,1.63775
1.644875,1.3078750000000001
1.538875,1.765875
1.6892500000000001,1.852375
1.7355,1.40975
1.520875,1.691375
1.660625,1.755625
1.711625,1.483625
1.623,1.78
1.61225,1.732875
1.717375,1.4215
1.61625,1.723125
1.637625,1.91575
1.718875,1.44275
1.6615,1.6011250000000001
1.5562500000000001,1.8880000000000001
1.712,1.754375
1.76925,1.335375
1.577,1.52075
1.6125,1.9648750000000001
1.822875,1.698625
1.590875,1.447125
1.592375,1.63325
1.799125,1.77075
1.669,1.81575
1.564875,1.739125
1.7297500000000001,1.55675
1.6652500000000001,1.48325
1.51325,1.7553750000000001
1.77275,1.8823750000000001
1.856125,1.5778750000000001
1.540125,1.65075
1.676375,1.775125
1.6928750000000001,1.101
1.5515,1.907125
1.74075,1.9348750000000001
1.691625,1.5235
1.650625,1.79775
1.642125,1.695375
1.6260000000000001,1.591375
1.778,1.795875
1.660625,1.555375
1.6267500000000001,1.65425
1.7517500000000001,1.828125
1.663125,1.566375
1.505625,1.63575
1.8042500000000001,1.83225
1.76075,1.573
1.5110000000000001,1.6785
1.759875,1.773875
1.75325,1.553
1.5155,1.613625
1.795,1.82425
1.6636250000000001,1.6828750000000001
1.55875,1.86725
1.826375,1.6515
1.691875,1.5562500000000001
1.510375,1.8275000000000001
1.756875,1.79925
1.796875,1.535375
1.55125,1.6705
1.720875,1.76525
1.774875,1.5255
1.536,1.816625
1.6935,1.8447500000000001
1.831625,1.492
1.524,1.68175
1.6705,1.894875
1.799625,1.398625
1.479125,1.58975
1.6592500000000001,1.9925
1.8905,1.709625
1.5165,1.461625
1.6403750000000001,1.87
1.846625,1.5805
1.5153750000000001,1.508375
1.60975,1.897875
1.7365,1.642625
1.725125,1.82375
1.67175,1.637875
1.62775,1.196625
1.787125,1.89475
1.65225,1.729375
1.510875,1.303
1.7041250000000001,1.871
1.6875,2.05775
1.810125,1.54525
1.667125,1.42225
1.608375,2.032875
1.6243750000000001,1.738625
1.703375,1.408125
1.53325,1.422625
1.22725,1.5093750000000001
1.17825,1.63725
0.7265,1.51225
1.53525,2.06475
2.7760000000000002,2.0785
2.274375,1.1732500000000001
1.434375,1.8125
1.723625,1.9965
1.81075,1.2866250000000001
1.53025,1.5322500000000001
1.780875,2.00725
1.795,1.339
1.4915,1.479875
1.758,2.124375
1.79275,1.6103750000000001
1.54175,1.7730000000000001
1.75,1.860125
1.885125,1.649
1.6423750000000001,1.56525
1.45225,1.713875
1.746875,1.7685
1.637375,1.861
1.332625,1.321375
1.780375,1.797625
1.803375,1.945875
1.37675,1.399875
1.809375,1.11775
1.915125,1.82925
1.592375,2.16275
1.816125,2.04025
1.8485,1.532875
1.576375,1.5991250000000001
1.786,1.8705
1.805125,1.852875
1.686375,1.7906250000000001
1.797375,1.64575
1.6645,1.68075
1.400125,1.474875
1.7125000000000001,1.592
1.626125,2.0545
1.667125,2.058125
1.84225,1.54
1.6888750000000001,1.31625
1.55775,2.05625
1.61375,1.961875
1.674375,1.582875
1.71325,1.697375
1.843875,1.810375
1.804875,1.578875
1.554125,1.793125
1.4993750000000001,1.595375
1.7946250000000001,1.64325
1.7425,1.89875
1.6580000000000001,1.8565
1.733375,1.572375
1.61825,1.556125
1.595375,1.83325
1.7946250000000001,1.7753750000000001
1.545125,1.65775
1.36025,1.74825
1.85125,1.660875
1.943875,1.605
1.60325,1.7790000000000001
1.6111250000000001,1.6852500000000001
1.63975,1.498875
1.53375,1.5
1.7645,1.747625
1.7675,1.800125
1.469375,1.7715
1.66475,1.696375
1.685875,1.585375
1.581375,1.7605
1.613625,1.655
1.731625,1.58975
1.613875,1.744625
1.6323750000000001,1.62025
1.730625,1.53
1.635,1.719625
1.650125,1.84125
1.7493750000000001,1.6968750000000001
1.642625,1.7277500000000001
1.6307500000000001,1.653125
1.752,1.539875
1.641375,1.7555
1.604625,1.796125
1.72625,1.59325
1.6283750000000001,1.6275
1.355375,1.71275
1.6125,1.572375
1.802375,1.55875
1.6175,1.8278750000000001
1.650125,1.7513750000000001
1.643125,1.692125
1.545,1.76275
1.6732500000000001,1.58675
1.66575,1.60975
1.534,1.8218750000000001
1.6027500000000001,1.692125
1.6263750000000001,1.574875
1.459625,1.688
1.6183750000000001,1.691875
1.7465,1.5755000000000001
1.586875,1.676
1.557625,1.696375
1.63425,1.608625
1.588125,1.6732500000000001
1.5831250000000001,1.73475
1.730875,1.6465
1.6872500000000001,1.6445
1.540125,1.747
1.674625,1.6540000000000001
1.731625,1.54925
1.575375,1.70725
1.6343750000000001,1.7217500000000001
1.731625,1.574
1.611625,1.666875
1.594875,1.724375
1.735125,1.5851250000000001
1.60925,1.6247500000000001
1.5685,1.7035
1.739125,1.580375
1.712,1.63975
1.59425,1.75475
1.707875,1.61825
1.7265000000000001,1.558
1.592875,1.746625
1.661125,1.70125
1.7437500000000001,1.54725
1.620875,1.67075
1.619875,1.6995
1.756125,1.557125
1.6692500000000001,1.618625
1.590375,1.729125
1.737,1.6147500000000001
1.715125,1.58925
1.586,1.69975
1.697375,1.6275
1.7361250000000001,1.508875
1.572125,1.666875
1.662375,1.7048750000000001
1.78075,1.5655000000000001
1.645375,1.656625
1.617625,1.67375
1.748875,1.549125
1.682125,1.631875
1.62125,1.716375
1.7533750000000001,1.551125
1.684375,1.5725
1.5825,1.734625
1.745875,1.618125
1.7495,1.553625
1.597875,1.7115
1.697,1.629625
1.7373750000000001,1.508125
1.5891250000000001,1.65075
1.6443750000000001,1.637875
1.763125,1.534125
1.6315,1.694375
1.63325,1.6945000000000001
1.756,1.524125
1.636625,1.621625
1.574875,1.71275
1.732875,1.5382500000000001
1.692375,1.601375
1.59,1.737875
1.723,1.57675
1.6908750000000001,1.541
1.57425,1.711125
1.706375,1.6443750000000001
1.719,1.580125
1.566875,1.716625
1.681625,1.6263750000000001
1.732,1.532
1.57625,1.6855
1.642625,1.65625
1.746625,1.504375
1.608,1.6355
1.597875,1.711375
1.7341250000000001,1.563625
1.63375,1.6340000000000001
1.587,1.712375
1.72625,1.56925
1.669125,1.610125
1.564625,1.731
1.732875,1.600375
1.706,1.565
1.5655000000000001,1.70575
1.703125,1.5987500000000001
1.716875,1.55775
1.58025,1.7285
1.685875,1.6575
1.742625,1.5426250000000001
1.578375,1.70825
1.703375,1.59725
1.7121250000000001,1.56
1.583375,1.71775
1.6905000000000001,1.640625
1.72625,1.52475
1.56525,1.6325
1.638125,1.636125
1.75625,1.5811250000000001
1.60925,1.70725
1.622125,1.66475
1.7401250000000001,1.51775
1.6225,1.68425
1.6183750000000001,1.691
1.7425,1.521625
1.6205,1.629125
1.581,1.7175
1.738625,1.5765
1.666625,1.627375
1.5618750000000001,1.7201250000000001
1.74525,1.57025
1.687875,1.604
1.578625,1.7275
1.7337500000000001,1.588375
1.692375,1.598875
1.56675,1.746375
1.745125,1.636125
1.722875,1.562125
1.5685,1.701375
1.683,1.627125
1.7257500000000001,1.5535
1.577625,1.693125
1.642625,1.62825
1.748125,1.561625
1.601625,1.703125
1.6315,1.66275
1.7337500000000001,1.538375
1.595,1.681625
1.60975,1.6948750000000001
1.7477500000000001,1.5406250000000001
1.628125,1.640875
1.588375,1.713875
1.72875,1.586625
1.65775,1.639375
1.5795000000000001,1.731625
1.736625,1.595
1.70275,1.5951250000000001
1.574,1.727
1.6945000000000001,1.6165
1.71775,1.5365
1.572625,1.720875
1.6895,1.64725
1.72425,1.571625
1.578375,1.72125
1.664125,1.65425
1.727125,1.55525
1.586,1.693375
1.637375,1.678125
1.743,1.553625
1.608125,1.678375
1.6095,1.694
1.738375,1.53375
1.626625,1.6425
1.61,1.763875
1.752125,1.6
1.639375,1.62175
1.5575,1.7175
1.731,1.607
1.7185000000000001,1.610875
1.58775,1.74525
1.699,1.635
1.72275,1.559625
1.586,1.70425
1.6728750000000001,1.6505
1.7353750000000001,1.5518750000000001
1.57575,1.728875
1.668375,1.6545
1.7545,1.5415
1.611875,1.694
1.640625,1.700125
1.7337500000000001,1.568625
1.6075,1.681
1.60325,1.694375
1.752,1.5598750000000001
1.632875,1.6672500000000001
1.599375,1.736
1.744125,1.5805
1.661125,1.612
1.575,1.731875
1.74625,1.6163750000000001
1.68475,1.657875
1.575375,1.771125
1.7281250000000001,1.600125
1.699,1.58525
1.5718750000000001,1.7315
1.711875,1.6075
1.70425,1.5895000000000001
1.5798750000000001,1.757875
1.6908750000000001,1.661125
1.744875,1.5638750000000001
1.576875,1.73325
1.6716250000000001,1.670375
1.733,1.560125
1.60525,1.699625
1.614125,1.7028750000000001
1.741,1.56475
1.647875,1.68375
1.600125,1.7665
1.742875,1.6335
1.682,1.613875
1.5675000000000001,1.72475
1.703125,1.629
1.7221250000000001,1.561125
1.57975,1.7241250000000001
1.674,1.7048750000000001
1.763875,1.588625
1.6145,1.7197500000000001
1.621,1.716375
1.745125,1.568
1.641875,1.667875
1.584625,1.742875
1.749125,1.60025
1.714375,1.608375
1.593875,1.75025
1.717,1.654625
1.72875,1.584
1.59525,1.72525
1.692,1.67275
1.734,1.53675
1.59775,1.698125
1.659,1.754875
1.7822500000000001,1.625375
1.65575,1.67575
1.603625,1.7088750000000001
1.734375,1.5831250000000001
1.6785,1.6287500000000001
1.584875,1.76
1.728625,1.6445
1.735875,1.582625
1.599375,1.739625
1.70275,1.696125
1.7595,1.566125
1.5967500000000001,1.678125
1.625875,1.690375
1.752875,1.61125
1.66375,1.719625
1.65275,1.712375
1.757125,1.541125
1.62325,1.675
1.6247500000000001,1.709625
1.7381250000000001,1.5685
1.592125,1.699375
1.66375,1.69275
1.751125,1.589375
1.6065,1.6952500000000001
1.6395,1.729375
1.7715,1.592
1.6595,1.6828750000000001
1.59375,1.7585
1.74425,1.602375
1.685875,1.635125
1.587,1.75725
1.7361250000000001,1.62325
1.691875,1.61925
1.572125,1.72075
1.728,1.641125
1.729375,1.625625
1.5811250000000001,1.7605
1.683125,1.6792500000000001
1.7505,1.572
1.6085,1.7321250000000001
1.6585,1.6888750000000001
1.744625,1.535625
1.6085,1.697
1.63675,1.7317500000000001
1.733125,1.58225
1.577125,1.723625
1.66425,1.65525
1.73475,1.565
1.58925,1.7245000000000001
1.65775,1.715
1.750125,1.564625
1.619875,1.6895
1.623875,1.729375
1.750375,1.572875
1.6592500000000001,1.643375
1.593875,1.7615
1.75675,1.619125
1.680625,1.645875
1.57975,1.745
1.734,1.6047500000000001
1.6912500000000001,1.639875
1.5798750000000001,1.7675
1.70425,1.64125
1.717375,1.597875
1.5895000000000001,1.747125
1.689,1.655125
1.728625,1.57875
1.587625,1.7433750000000001
1.667125,1.6692500000000001
1.729125,1.602875
1.590625,1.7690000000000001
1.67,1.7195
1.7517500000000001,1.560125
1.611375,1.699
1.622625,1.7257500000000001
1.7473750000000001,1.583375
1.6343750000000001,1.689
1.6067500000000001,1.751125
1.7473750000000001,1.588
1.6595,1.63325
1.5798750000000001,1.740875
1.730875,1.632125
1.702125,1.63275
1.58625,1.7590000000000001
1.70475,1.632125
1.713625,1.581625
1.57925,1.7345
1.672625,1.6725
1.737,1.57125
1.595625,1.708375
1.6443750000000001,1.693
1.748875,1.554
1.6145,1.671125
1.62425,1.729625
1.747875,1.5995000000000001
1.6415,1.67025
1.595,1.7405
1.7433750000000001,1.590625
1.682125,1.6227500000000001
1.58375,1.7565
1.722375,1.636875
1.703125,1.598
1.57125,1.734
1.70175,1.565125
1.63875,1.659
1.5951250000000001,1.7505
1.751125,1.589625
1.6735,1.641125
1.58325,1.743
1.7393750000000001,1.623125
1.6932500000000001,1.614875
1.588125,1.736
1.733625,1.623
1.701625,1.603375
1.576875,1.75225
1.713375,1.663375
1.73725,1.57275
1.58625,1.716625
1.676125,1.651875
1.726375,1.586875
1.5855000000000001,1.742625
1.683375,1.664875
1.7415,1.57525
1.5971250000000001,1.717625
1.657875,1.6636250000000001
1.7415,1.533125
1.5935000000000001,1.69375
1.6287500000000001,1.7008750000000001
1.739625,1.570375
1.612125,1.67975
1.6147500000000001,1.712
1.75425,1.582125
1.65475,1.662875
1.595,1.744375
1.7477500000000001,1.57875
1.654625,1.64575
1.580625,1.76175
1.73225,1.623
1.700125,1.6125
1.571125,1.743
1.700625,1.6475
1.712,1.606125
1.578375,1.749875
1.70125,1.656625
1.7197500000000001,1.59125
1.572625,1.7413750000000001
1.68475,1.6592500000000001
1.732375,1.575
1.5895000000000001,1.725
1.648125,1.6685
1.7341250000000001,1.544
1.588625,1.702125
1.63125,1.693
1.7457500000000001,1.57775
1.6155,1.725
1.615375,1.733125
1.7361250000000001,1.560125
1.649,1.667125
1.6025,1.754125
1.745875,1.6175
1.691875,1.60925
1.57425,1.731125
1.6995,1.642125
1.730625,1.59025
1.585625,1.734
1.6640000000000001,1.675375
1.7415,1.551375
1.607,1.698375
1.626875,1.72475
1.734375,1.553375
1.599375,1.693375
1.643375,1.6928750000000001
1.741875,1.55575
1.614125,1.650625
1.59775,1.7405
1.756625,1.623875
1.681125,1.647125
1.57975,1.74925
1.715625,1.62375
1.716875,1.594875
1.587375,1.7485
1.6828750000000001,1.669875
1.741625,1.5518750000000001
1.60175,1.68825
1.6360000000000001,1.72875
1.757875,1.587375
1.6420000000000001,1.666875
1.593625,1.7297500000000001
1.733875,1.5891250000000001
1.6772500000000001,1.623125
1.5775000000000001,1.734
1.727125,1.63925
1.7241250000000001,1.589875
1.58375,1.7257500000000001
1.7141250000000001,1.6223750000000001
1.711125,1.563375
1.5635000000000001,1.7235
1.6955,1.698375
1.764875,1.57675
1.610875,1.692125
1.6465,1.6788750000000001
1.7345,1.541375
1.586875,1.6908750000000001
1.640875,1.68175
1.759125,1.5755000000000001
1.629875,1.70625
1.619375,1.733875
1.745125,1.564625
1.651875,1.629625
1.5745,1.7257500000000001
1.7365,1.586875
1.693,1.6425
1.59725,1.7537500000000001
1.727,1.5975000000000001
1.679,1.613
1.585375,1.752875
1.7297500000000001,1.631875
1.715375,1.570125
1.583625,1.7201250000000001
1.705875,1.6440000000000001
1.73075,1.580875
1.580625,1.721625
1.6795,1.663375
1.746875,1.549375
1.59975,1.711625
1.6480000000000001,1.69
1.742375,1.552
1.6300000000000001,1.696375
1.630125,1.73425
1.7493750000000001,1.57225
1.636625,1.65425
1.590125,1.721125
1.7353750000000001,1.596125
1.69425,1.639375
1.589375,1.7353750000000001
1.721375,1.593625
1.71325,1.577375
1.585875,1.759875
1.697,1.65275
1.7275,1.585625
1.596625,1.7357500000000001
1.6805,1.6652500000000001
1.7297500000000001,1.551125
1.5825,1.707125
1.63775,1.689625
1.754625,1.555625
1.632875,1.698625
1.618875,1.768
1.748375,1.562625
1.639625,1.615
1.59075,1.748125
1.750625,1.62975
1.6985000000000001,1.6175
1.58675,1.746125
1.721,1.626625
1.7,1.601625
1.5805,1.7421250000000001
1.7,1.64825
1.75125,1.564875
1.6007500000000001,1.73625
1.664875,1.692625
1.74675,1.554375
1.62,1.6892500000000001
1.6345,1.70775
1.74325,1.562
1.6215,1.67625
1.611,1.748875
1.7595,1.585375
1.65275,1.649375
1.5851250000000001,1.7395
1.74125,1.6011250000000001
1.6872500000000001,1.620625
1.58125,1.7425
1.7275,1.620875
1.716375,1.609875
1.588,1.764
1.71375,1.64975
1.734625,1.564125
1.586875,1.729375
1.6756250000000001,1.677
1.74,1.569125
1.599375,1.705
1.644875,1.68775
1.754125,1.540375
1.6363750000000001,1.6735
1.6163750000000001,1.745625
1.74625,1.5658750000000001
1.6592500000000001,1.648875
1.588,1.760125
1.72275,1.619875
1.65975,1.605875
1.545125,1.736875
1.685125,1.647375
1.692375,1.58525
1.536125,1.7355
1.631375,1.63125
1.6655,1.566625
1.525125,1.72475
1.626625,1.6852500000000001
1.6665,1.600125
1.5075,1.730625
1.6031250000000001,1.658875
1.6772500000000001,1.57425
1.53925,1.703875
1.59325,1.67075
1.69875,1.5502500000000001
1.5605,1.6915
1.601375,1.7175
1.7155,1.5662500000000001
1.591,1.6672500000000001
1.5905,1.71175
1.732625,1.57725
1.6345,1.6620000000000001
1.595,1.734375
1.7415,1.586
1.669875,1.64775
1.589,1.760625
1.7373750000000001,1.622125
1.71525,1.589375
1.58675,1.721625
1.7055,1.631
1.754375,1.5585
1.6025,1.718375
1.6965000000000001,1.665875
1.760875,1.567125
1.607625,1.7161250000000001
1.672125,1.659
1.7615,1.5505
1.61625,1.700625
1.6545,1.7015
1.771875,1.550375
1.652125,1.6632500000000001
1.6335,1.729
1.776875,1.561125
1.661875,1.6425
1.61525,1.715875
1.77775,1.569375
1.6905000000000001,1.6596250000000001
1.6235,1.7613750000000001
1.782,1.58025
1.679125,1.64725
1.616625,1.739
1.7766250000000001,1.578875
1.68075,1.62125
1.637125,1.725875
1.784125,1.5811250000000001
1.69975,1.6295
1.625,1.74025
1.759125,1.619125
1.741625,1.592
1.6167500000000001,1.74675
1.731625,1.653
1.772375,1.5362500000000001
1.6245,1.691875
1.675,1.67775
1.771875,1.5402500000000001
1.6596250000000001,1.6772500000000001
1.63875,1.72125
1.778375,1.5795000000000001
1.711625,1.628125
1.62525,1.740875
1.7590000000000001,1.60525
1.738625,1.568
1.602375,1.7405
1.722875,1.664875
1.77825,1.5705
1.63375,1.7055
1.681625,1.671
1.76725,1.537
1.6307500000000001,1.718625
1.6796250000000001,1.6875
1.765625,1.537125
1.642875,1.68175
1.649,1.7261250000000001
1.773625,1.582875
1.67825,1.64775
1.602875,1.727875
1.74475,1.5925
1.71825,1.584125
1.597875,1.731625
1.7181250000000001,1.652625
1.74525,1.5825
1.601875,1.745125
1.682125,1.697125
1.766,1.5515
1.62225,1.6745
1.642875,1.71275
1.7766250000000001,1.566625
1.664625,1.63875
1.6091250000000001,1.738625
1.7593750000000001,1.59175
1.6752500000000001,1.64075
1.6,1.73275
1.7435,1.58825
1.683625,1.6505
1.6155,1.78925
1.755625,1.6005
1.680125,1.597
1.59775,1.72825
1.7425,1.6303750000000001
1.723875,1.615
1.5967500000000001,1.731125
1.708375,1.6285
1.7475,1.58175
1.606125,1.7473750000000001
1.686,1.688
1.75275,1.553625
1.602375,1.705875
1.64775,1.721875
1.75725,1.551625
1.620125,1.65775
1.611,1.715125
1.75725,1.584625
1.668875,1.657875
1.601375,1.7593750000000001
1.7535,1.594
1.691875,1.6207500000000001
1.588375,1.758875
1.724625,1.633375
1.7161250000000001,1.58125
1.582375,1.73675
1.702625,1.63925
1.73225,1.554125
1.59275,1.726
1.68625,1.654125
1.741125,1.5415
1.5975000000000001,1.717875
1.655,1.720375
1.7577500000000001,1.5615
1.623125,1.6420000000000001
1.607625,1.71925
1.7585,1.60425
1.67475,1.6596250000000001
1.593625,1.749875
1.73825,1.6027500000000001
1.68575,1.6035
1.57325,1.7445
1.717125,1.6620000000000001
1.7395,1.5905
1.588125,1.737
1.6725,1.667125
1.744,1.5446250000000001
1.594875,1.6945000000000001
1.631125,1.71175
1.7525,1.562875
1.601875,1.663125
1.64475,1.701625
1.75725,1.601
1.621,1.698625
1.598875,1.7257500000000001
1.7415,1.595625
1.6600000000000001,1.660125
1.594375,1.7355
1.732625,1.59825
1.686375,1.612625
1.573625,1.74625
1.702125,1.609875
1.723375,1.574625
1.598375,1.758
1.6932500000000001,1.688
1.73925,1.558875
1.5891250000000001,1.7075
1.6320000000000001,1.71325
1.74525,1.572625
1.632125,1.6716250000000001
1.6065,1.7195
1.7357500000000001,1.58
1.6565,1.63625
1.579625,1.749875
1.737875,1.60825
1.695375,1.629
1.583,1.767625
1.736,1.6360000000000001
1.7121250000000001,1.58825
1.572625,1.7537500000000001
1.702,1.64025
1.727125,1.592125
1.587625,1.740625
1.6975,1.673125
1.7433750000000001,1.571375
1.6051250000000001,1.73125
1.66075,1.6785
1.7425,1.5602500000000001
1.60775,1.69825
1.652625,1.687
1.7505,1.55
1.6145,1.7265000000000001
1.636125,1.741625
1.7565,1.54775
1.632625,1.665375
1.6111250000000001,1.718
1.754875,1.579
1.666625,1.659375
1.602625,1.75
1.747,1.5975000000000001
1.681625,1.6183750000000001
1.584625,1.749125
1.72875,1.61225
1.727125,1.565
1.5931250000000001,1.73125
1.70075,1.65275
1.74275,1.5662500000000001
1.595,1.718375
1.660375,1.714375
1.7665,1.573625
1.6496250000000001,1.6792500000000001
1.613,1.717125
1.741875,1.569375
1.662875,1.628125
1.59,1.723375
1.7281250000000001,1.616875
1.715625,1.595
1.588625,1.7321250000000001
1.7055,1.6580000000000001
1.727375,1.585625
1.58425,1.74125
1.654875,1.6915
1.742625,1.55675
1.6103750000000001,1.6945000000000001
1.660125,1.6928750000000001
1.745875,1.549625
1.61325,1.681375
1.618875,1.70775
1.749,1.56175
1.657375,1.6555
1.5865,1.7405
1.728,1.606375
1.683625,1.629375
1.57325,1.757125
1.712,1.63625
1.722875,1.568375
1.571125,1.72675
1.676375,1.682375
1.7557500000000001,1.558875
1.608,1.692125
1.621375,1.7055
1.7405,1.568125
1.641,1.666375
1.5871250000000001,1.739625
1.7393750000000001,1.621
1.70775,1.6403750000000001
1.58925,1.751625
1.708375,1.6335
1.718875,1.559
1.5825,1.73125
1.703125,1.627875
1.72075,1.567375
1.584125,1.723375
1.662125,1.687875
1.742625,1.556875
1.62025,1.686375
1.6275,1.721375
1.741125,1.55575
1.650875,1.646125
1.59075,1.754375
1.7341250000000001,1.6375
1.714625,1.61025
1.593375,1.742625
1.6995,1.6540000000000001
1.7225000000000001,1.564125
1.58625,1.716375
1.6572500000000001,1.6912500000000001
1.7497500000000001,1.5466250000000001
1.6205,1.67225
1.6131250000000001,1.741625
1.750375,1.597
1.668,1.6465
1.58725,1.753125
1.72525,1.6223750000000001
1.661,1.6435
1.585875,1.759625
1.735875,1.6175
1.7221250000000001,1.588125
1.5885,1.7345
1.6925000000000001,1.6485
1.736,1.539875
1.5975000000000001,1.711
1.6612500000000001,1.7135
1.7550000000000001,1.558125
1.629,1.6745
1.6195,1.726
1.7497500000000001,1.5695000000000001
1.6307500000000001,1.6685
1.592875,1.7535
1.7355,1.599875
1.65175,1.6500000000000001
1.589,1.7475
1.7265000000000001,1.600875
1.6685,1.609875
1.573,1.74425
1.723,1.6365
1.7101250000000001,1.614125
1.58,1.747625
1.688625,1.652375
1.7061250000000001,1.5875000000000001
1.57275,1.7455
1.69275,1.63725
1.725625,1.558625
1.58375,1.721625
1.68,1.66975
1.732,1.561
1.58675,1.7068750000000001
1.64725,1.6888750000000001
1.7453750000000001,1.55375
1.6045,1.6805
1.6143750000000001,1.71875
1.749875,1.594375
1.65975,1.682
1.597,1.75225
1.696,1.58775
1.61775,1.584125
1.552375,1.739
1.7753750000000001,1.64625
1.755625,1.61625
1.574625,1.741125
1.6655,1.615375
1.721,1.576375
1.619875,1.758875
1.698375,1.674125
1.6915,1.52475
1.470375,1.667125
1.40675,1.642875
1.5085,1.502
1.581375,1.698
1.60725,1.71325
1.587,1.536375
1.793,1.6685
1.86625,1.7810000000000001
1.839625,1.6416250000000001
1.687875,1.623875
1.587875,1.7417500000000001
1.7357500000000001,1.639375
1.73475,1.590375
1.595875,1.7325
1.65075,1.653375
1.66375,1.4977500000000001
1.56725,1.674375
1.688125,1.7597500000000001
1.7255,1.578
1.494625,1.641125
1.475625,1.6845
1.752625,1.614
1.5485,1.6540000000000001
1.212375,1.718875
1.5911250000000001,1.554625
1.891875,1.5515
1.529625,1.83825
1.764125,1.6745
1.593,1.4817500000000001
0.82975,1.621
1.29125,1.6287500000000001
2.101375,1.583375
1.999625,1.691
1.612,1.602125
1.197,1.42225
1.035875,1.568625
1.409375,1.669375
1.90575,1.5482500000000001
1.936,1.6732500000000001
1.848875,1.826
1.64675,1.587625
0.7895,1.414625
0.627125,1.548125
1.9288750000000001,1.64225
1.9625000000000001,1.481375
1.47725,1.668875
1.722,1.695875
1.64625,1.605625
1.29725,1.6455
1.613375,1.6405
1.9388750000000001,1.5266250000000001
1.615875,1.663
1.36175,1.648375
1.44675,1.4215
1.661375,1.6183750000000001
1.9875,1.85425
1.947,1.6592500000000001
1.4232500000000001,1.4835
1.276125,1.666125
1.7395,1.70625
2.033125,1.61525
1.616,1.656625
1.20425,1.605
1.59125,1.602375
1.638625,1.7633750000000001
1.52875,1.719875
1.71175,1.5658750000000001
1.777875,1.717125
1.573625,1.741
1.72825,1.5326250000000001
1.6675,1.674375
1.6247500000000001,1.754875
1.670125,1.6163750000000001
1.71075,1.6465
1.686,1.783375
1.4917500000000001,1.552625
1.507875,1.551625
1.448625,1.717875
1.8875,1.71125
2.012875,1.62375
1.678625,1.745875
1.725,1.703375
1.753625,1.5931250000000001
1.459875,1.73675
1.5315,1.764
1.6131250000000001,1.547625
1.607875,1.661375
1.807,1.770375
2.038625,1.616125
1.70875,1.64375
1.481625,1.767125
1.6828750000000001,1.638625
1.621125,1.6091250000000001
1.61375,1.7185000000000001
1.73225,1.648125
1.4741250000000001,1.589625
1.4448750000000001,1.738625
1.7315,1.664625
1.946125,1.60375
1.702,1.7455
1.181875,1.6580000000000001
1.1145,1.529625
1.615375,1.706375
2.179125,1.715375
1.91275,1.577375
1.568125,1.6776250000000001
1.650875,1.7517500000000001
1.829,1.5811250000000001
1.577625,1.6592500000000001
1.326,1.722375
1.8215000000000001,1.60225
1.69675,1.619375
1.5290000000000001,1.775125
1.405,1.671375
1.437375,1.57925
1.763125,1.691375
1.46075,1.618625
1.512375,1.6051250000000001
1.687,1.64225
1.4815,1.713625
1.589,1.56
1.5365,1.634875
1.52725,1.7565
1.76175,1.618625
1.6307500000000001,1.615375
1.38775,1.729375
1.7610000000000001,1.60225
1.694625,1.6147500000000001
1.582375,1.824125
1.765125,1.693125
1.3975,1.491125
1.0931250000000001,1.672375
1.675875,1.686375
1.6915,1.637125
1.5270000000000001,1.694
1.785125,1.711875
1.7405,1.5925
1.50725,1.629125
1.445125,1.69275
1.389875,1.7635
1.799,1.629875
1.7435,1.6848750000000001
1.114,1.611375
0.988125,1.5525
1.7890000000000001,1.7766250000000001
1.695375,1.684125
1.84525,1.55075
1.808625,1.617
1.834875,1.7415
1.747125,1.608
1.21275,1.62125
1.40475,1.74875
1.9115,1.62375
1.533375,1.73425
1.40425,1.796125
1.603375,1.568875
1.699875,1.594
1.59825,1.7966250000000001
1.75075,1.607875
1.1595,1.549375
1.4835,1.64825
1.96325,1.63875
1.628125,1.65425
1.5935000000000001,1.74525
1.8555000000000001,1.691625
1.64875,1.6163750000000001
1.32975,1.74075
1.6443750000000001,1.66975
1.8880000000000001,1.47725
1.378125,1.647125
1.1440000000000001,1.717625
1.4837500000000001,1.552
1.9308750000000001,1.71775
1.6155,1.77525
1.374625,1.639375
1.2633750000000001,1.631625
1.737125,1.694375
2.13325,1.5150000000000001
1.6712500000000001,1.577
1.400375,1.6575
1.2775,1.692
1.566625,1.694125
1.7497500000000001,1.710625
1.9941250000000001,1.6085
1.72625,1.6375
1.5625,1.725875
1.34325,1.719125
1.245625,1.5286250000000001
1.51775,1.526125
1.887375,1.66575
1.777125,1.69975
1.4192500000000001,1.8895
1.40675,1.659
1.8046250000000001,1.34775
1.378625,1.5538750000000001
1.4973750000000001,1.853
1.73,1.622125
0.7857500000000001,1.593625
1.139125,1.78775
1.0175,1.53575
1.408125,1.463
2.512125,1.660625
2.406875,1.776125
1.604,1.640125
1.2121250000000001,1.68075
1.417125,1.691125
1.72425,1.6576250000000001
1.705625,1.725625
1.25425,1.7405
1.57825,1.529625
2.115,1.60325
1.89275,1.776875
1.722,1.715125
1.72825,1.70475
1.576625,1.7965
1.777375,1.6805
1.618625,1.63375
1.438625,1.692
1.26775,1.60125
1.4435,1.605375
1.934,1.812875
2.23475,1.660125
1.71325,1.5050000000000001
1.525375,1.648875
1.80675,1.7201250000000001
1.94675,1.572125
1.730625,1.63925
1.803625,1.71875
1.95175,1.616
1.80675,1.7493750000000001
1.773125,1.7577500000000001
1.867375,1.57075
1.734875,1.611
1.73125,1.758125
1.966625,1.608125
1.797625,1.600125
1.475125,1.752125
1.6652500000000001,1.648375
2.058375,1.672
1.966375,1.772875
1.8805,1.6375
1.7265000000000001,1.56375
1.546125,1.7533750000000001
1.905125,1.696
2.05275,1.6075
1.797,1.71475
1.7373750000000001,1.677875
1.869,1.517125
1.799375,1.6635
1.79875,1.766375
1.8925,1.5947500000000001
1.785875,1.6203750000000001
1.756125,1.7655
1.916875,1.622
1.8298750000000001,1.6385
1.756875,1.7237500000000001
1.9005,1.604
1.8547500000000001,1.635625
1.73725,1.7653750000000001
1.84025,1.58125
1.834625,1.582875
1.7593750000000001,1.75925
1.8835,1.672125
1.86175,1.5585
1.683,1.692625
1.791625,1.685875
1.907875,1.56375
1.80075,1.696125
1.835,1.66825
1.865875,1.552
1.749625,1.7225000000000001
1.825625,1.723375
1.901,1.58275
1.76525,1.67675
1.762125,1.63225
1.9005,1.573375
1.827375,1.711625
1.758625,1.727875
1.880125,1.531125
1.832375,1.6535
1.756875,1.80325
1.88725,1.621125
1.84625,1.61125
1.7245000000000001,1.762
1.8435000000000001,1.643375
1.851375,1.53175
1.7261250000000001,1.68575
1.8451250000000001,1.677125
1.871625,1.605375
1.7115,1.712375
1.785625,1.645875
1.873375,1.537625
1.73525,1.695125
1.7421250000000001,1.6585
1.840625,1.5285
1.791125,1.722625
1.8198750000000001,1.714
1.872,1.5406250000000001
1.7517500000000001,1.662875
1.70075,1.743625
1.86975,1.5851250000000001
1.8258750000000001,1.6335
1.7241250000000001,1.740625
1.8475000000000001,1.623375
1.83975,1.62575
1.70125,1.7875
1.797125,1.671125
1.834375,1.475875
1.686125,1.6305
1.743125,1.7345
1.8525,1.568
1.71875,1.616
1.6768750000000001,1.749625
1.833375,1.633875
1.7925,1.626875
1.694375,1.7405
1.81525,1.6515
1.8245,1.569625
1.67,1.70975
1.749125,1.613375
1.797125,1.4801250000000001
1.69075,1.7088750000000001
1.747625,1.8225
1.8527500000000001,1.64825
1.7175,1.6416250000000001
1.640875,1.679125
1.803375,1.63675
1.7693750000000001,1.6728750000000001
1.65075,1.739
1.7565,1.58675
1.76925,1.555375
1.6355,1.724
1.729125,1.7235
1.803125,1.612625
1.677,1.68775
1.696125,1.66375
1.783625,1.553625
1.682125,1.63925
1.6505,1.69975
1.7975,1.62125
1.7281250000000001,1.6460000000000001
1.6295,1.79875
1.76,1.67175
1.7695,1.576625
1.608625,1.69775
1.712375,1.653375
1.763625,1.623875
1.611375,1.729875
1.693625,1.66975
1.778,1.500875
1.586875,1.713125
1.6776250000000001,1.79725
1.77975,1.6091250000000001
1.6340000000000001,1.69825
1.64575,1.647
1.73825,1.543875
1.620625,1.737875
1.628625,1.77125
1.76575,1.569
1.640875,1.65025
1.581,1.678
1.728875,1.5635000000000001
1.6745,1.729
1.596875,1.85425
1.73825,1.6416250000000001
1.698,1.574375
1.587875,1.739125
1.71425,1.622125
1.710625,1.586
1.563125,1.754125
1.6852500000000001,1.688625
1.737125,1.516125
1.57575,1.6536250000000001
1.63175,1.727625
1.73675,1.62
1.59075,1.746375
1.62575,1.7055
1.7325,1.52075
1.617125,1.6745
1.58525,1.803375
1.72325,1.6075
1.666875,1.608125
1.575125,1.753125
1.6948750000000001,1.625
1.679,1.5947500000000001
1.5602500000000001,1.741125
1.666375,1.660125
1.720875,1.60225
1.58275,1.769625
1.633625,1.719875
1.740625,1.5835000000000001
1.625125,1.72825
1.58675,1.756875
1.707,1.556125
1.620875,1.6183750000000001
1.55725,1.746375
1.70625,1.573375
1.67025,1.593375
1.558,1.866125
1.69175,1.7317500000000001
1.7008750000000001,1.52125
1.543,1.704
1.659,1.756875
1.730875,1.635375
1.574375,1.704625
1.595625,1.62725
1.720625,1.6015
1.627375,1.7565
1.5865,1.78475
1.693375,1.565375
1.631375,1.592625
1.577,1.7615
1.7101250000000001,1.61
1.64325,1.639375
1.539,1.7125000000000001
1.67275,1.6223750000000001
1.680125,1.676125
1.554875,1.7715
1.649375,1.633375
1.683375,1.584125
1.562125,1.76475
1.64625,1.66575
1.6788750000000001,1.5375
1.53075,1.748375
1.60975,1.71025
1.678125,1.522125
1.5382500000000001,1.6585
1.5718750000000001,1.735125
1.68075,1.58075
1.5482500000000001,1.684625
1.51675,1.748875
1.65675,1.599625
1.566875,1.64325
1.49825,1.6745
1.647125,1.64475
1.592375,1.69725
1.4935,1.80775
1.638875,1.65225
1.625125,1.5987500000000001
1.474875,1.732625
1.58475,1.633875
1.611875,1.571125
1.473125,1.735125
1.58275,1.712375
1.659,1.5947500000000001
1.508125,1.738375
1.597625,1.7237500000000001
1.68625,1.566125
1.541375,1.6912500000000001
1.585,1.671125
1.694,1.552625
1.576125,1.683875
1.55575,1.6945000000000001
1.695,1.55525
1.6345,1.71425
1.568375,1.8105
1.7048750000000001,1.63325
1.666125,1.606375
1.54475,1.735625
1.681625,1.6505
1.711625,1.54675
1.57225,1.69975
1.65875,1.6968750000000001
1.7215,1.591375
1.57275,1.712625
1.64375,1.643375
1.713125,1.52725
1.589,1.724375
1.6443750000000001,1.7673750000000001
1.743875,1.535375
1.592,1.655375
1.6227500000000001,1.72625
1.754,1.543625
1.6476250000000001,1.672
1.61125,1.7786250000000001
1.750375,1.589
1.634125,1.621125
1.580125,1.722
1.742375,1.6185
1.683,1.677875
1.603,1.7533750000000001
1.72875,1.584375
1.66775,1.605625
1.5838750000000001,1.754
1.718375,1.620875
1.71625,1.60325
1.59175,1.758
1.693625,1.665375
1.7355,1.554125
1.588875,1.698375
1.647875,1.70375
1.737875,1.570875
1.60825,1.665375
1.59625,1.729
1.7445,1.60375
1.68875,1.653125
1.5935000000000001,1.75
1.7237500000000001,1.5945
1.7075,1.602875
1.5835000000000001,1.734625
1.7155,1.66825
1.7385,1.58675
1.5891250000000001,1.748625
1.66575,1.70375
1.7437500000000001,1.562625
1.601875,1.699125
1.617125,1.7185000000000001
1.73875,1.52525
1.646625,1.659875
1.607625,1.81175
1.75275,1.650875
1.7145000000000001,1.5925
1.578625,1.7165000000000001
1.688,1.614625
1.736,1.572875
1.601875,1.741625
1.657375,1.7155
1.74675,1.56675
1.623875,1.666625
1.60425,1.686625
1.736875,1.597625
1.681125,1.67825
1.605375,1.779125
1.7395,1.618125
1.70875,1.574375
1.571,1.7101250000000001
1.70175,1.65175
1.749,1.572
1.5975000000000001,1.71275
1.65175,1.664875
1.74475,1.547
1.623875,1.677875
1.6091250000000001,1.697
1.74025,1.596375
1.6400000000000001,1.668375
1.58675,1.74325
1.7705,1.633125
1.709375,1.6323750000000001
1.570875,1.720625
1.7015,1.60925
1.7055,1.6145
1.58575,1.77
1.70125,1.663375
1.712875,1.589
1.57425,1.75
1.691,1.653125
1.7337500000000001,1.552
1.576,1.7125000000000001
1.6792500000000001,1.704375
1.742625,1.5798750000000001
1.578875,1.6915
1.654375,1.6805
1.732,1.580125
1.581375,1.721125
1.6445,1.695
1.7357500000000001,1.569125
1.6185,1.68875
1.61425,1.726875
1.736,1.57175
1.60825,1.649375
1.5495,1.717
1.702,1.637875
1.62525,1.687875
1.5598750000000001,1.7425
1.71825,1.615875
1.678375,1.6147500000000001
1.54325,1.725875
1.681,1.637625
1.71475,1.593375
1.564375,1.71525
1.64775,1.63925
1.725375,1.607625
1.5965,1.7575
1.669875,1.67975
1.717125,1.56375
1.568,1.7275
1.672625,1.6796250000000001
1.75225,1.584875
1.588,1.70225
1.6395,1.646625
1.728375,1.560625
1.5885,1.7475
1.650125,1.732
1.759875,1.564125
1.6287500000000001,1.684125
1.604625,1.72925
1.7365,1.55925
1.63275,1.67025
1.598625,1.768
1.754625,1.58225
1.665,1.637
1.591625,1.706375
1.7377500000000001,1.598375
1.6988750000000001,1.660125
1.590625,1.762125
1.721625,1.6315
1.725625,1.5845
1.591,1.734
1.685125,1.6515
1.70775,1.56375
1.5871250000000001,1.75275
1.702375,1.6988750000000001
1.73525,1.5718750000000001
1.5875000000000001,1.696625
1.66075,1.647125
1.744375,1.59225
1.60525,1.729
1.647875,1.687
1.74325,1.53975
1.611875,1.66975
1.60525,1.716375
1.752125,1.585625
1.6415,1.6775
1.596,1.74425
1.7345,1.578625
1.650625,1.65425
1.591,1.764625
1.73725,1.594125
1.6748750000000001,1.62225
1.591375,1.76675
1.727875,1.624125
1.681,1.555625
1.561375,1.74025
1.726875,1.629125
1.661875,1.6596250000000001
1.59,1.7335
1.7265000000000001,1.61
1.68375,1.6275
1.57275,1.7453750000000001
1.7065000000000001,1.62225
1.7357500000000001,1.566125
1.5967500000000001,1.733
1.6785,1.682375
1.751875,1.55
1.617625,1.6915
1.625,1.712
1.741875,1.524125
1.6403750000000001,1.6287500000000001
1.6105,1.779125
1.75825,1.6151250000000001
1.708625,1.618
1.58125,1.76175
1.71125,1.637375
1.736875,1.53275
1.601625,1.7205000000000001
1.6685,1.6656250000000001
1.74225,1.539
1.607375,1.6785
1.627625,1.70725
1.756375,1.586625
1.60025,1.703875
1.63975,1.659125
1.7373750000000001,1.555125
1.637375,1.70425
1.6380000000000001,1.723375
1.754375,1.576875
1.66775,1.625625
1.590375,1.72875
1.7281250000000001,1.567375
1.670125,1.602875
1.5815000000000001,1.78875
1.743,1.654875
1.7415,1.56825
1.578875,1.71625
1.673375,1.6536250000000001
1.725,1.570625
1.58575,1.728
1.6776250000000001,1.65825
1.746,1.556125
1.58825,1.71
1.6696250000000001,1.681625
1.729875,1.5675000000000001
1.588375,1.709
1.664625,1.66175
1.707125,1.594375
1.588625,1.754
1.69,1.6635
1.745,1.567625
1.60775,1.728875
1.648375,1.69875
1.741125,1.52275
1.626625,1.65275
1.613875,1.739125
1.7475,1.6025
1.676625,1.63675
1.587625,1.723
1.714,1.6075
1.7285,1.606625
1.60025,1.754625
1.695125,1.674
1.74875,1.568125
1.605375,1.7141250000000001
1.632125,1.70125
1.74725,1.53925
1.629375,1.66275
1.62175,1.74025
1.76,1.582125
1.6656250000000001,1.6355
1.5831250000000001,1.739875
1.7550000000000001,1.5675000000000001
1.681625,1.671
1.602,1.773625
1.734625,1.623875
1.71225,1.575375
1.5895000000000001,1.73675
1.6965000000000001,1.66075
1.74225,1.5735000000000001
1.594875,1.72025
1.648625,1.697875
1.753875,1.546125
1.6285,1.67075
1.629375,1.7425
1.76025,1.592625
1.6685,1.631625
1.579625,1.7445
1.723375,1.621125
1.720375,1.597625
1.57675,1.72875
1.6815,1.651875
1.740625,1.582875
1.584125,1.71125
1.63575,1.665375
1.71875,1.5645
1.576125,1.701625
1.6235,1.698625
1.721125,1.570375
1.58,1.696375
1.56975,1.709875
1.69275,1.5506250000000001
1.587625,1.6612500000000001
1.535375,1.7537500000000001
1.67275,1.584375
1.609,1.633875
1.531375,1.74325
1.6612500000000001,1.6335
1.6223750000000001,1.621625
1.519875,1.749625
1.6748750000000001,1.63675
1.6616250000000001,1.6165
1.526,1.71825
1.648375,1.6195
1.7048750000000001,1.5815000000000001
1.563375,1.7385
1.6435,1.6745
1.719,1.552625
1.573125,1.703
1.6207500000000001,1.67675
1.73825,1.5871250000000001
1.617375,1.7181250000000001
1.677125,1.671875
1.7345,1.5602500000000001
1.592375,1.713375
1.666375,1.683
1.7355,1.5446250000000001
1.599625,1.701375
1.637,1.739
1.7557500000000001,1.576875
1.648875,1.63375
1.59,1.675
1.731875,1.599625
1.713125,1.67575
1.610125,1.786375
1.730625,1.645875
1.73875,1.568125
1.589375,1.6975
1.684125,1.6652500000000001
1.765625,1.570125
1.6205,1.715125
1.65525,1.701
1.763125,1.551125
1.644625,1.66575
1.6187500000000001,1.714625
1.761625,1.594
1.68875,1.6415
1.604625,1.759875
1.75625,1.626125
1.725625,1.600125
1.5915000000000001,1.7405
1.7161250000000001,1.654625
1.74425,1.569375
1.5895000000000001,1.7357500000000001
1.68475,1.694375
1.760875,1.54325
1.612625,1.68625
1.631125,1.73625
1.7625,1.57725
1.659,1.633875
1.59825,1.714375
1.751875,1.637875
1.721,1.651125
1.589375,1.7535
1.712625,1.624
1.72725,1.567
1.59075,1.7353750000000001
1.695,1.6805
1.754375,1.529375
1.594125,1.658375
1.6400000000000001,1.7477500000000001
1.7710000000000001,1.61825
1.612,1.69
1.634125,1.696625
1.752,1.55675
1.676625,1.6685
1.62775,1.764125
1.7457500000000001,1.60525
1.686125,1.618625
1.5835000000000001,1.74025
1.71325,1.6325
1.753625,1.552
1.637,1.722625
1.687875,1.694625
1.748125,1.56125
1.629875,1.6848750000000001
1.633625,1.716
1.75225,1.57475
1.664875,1.6320000000000001
1.607,1.719125
1.749625,1.614625
1.71875,1.647125
1.594875,1.7710000000000001
1.725,1.6400000000000001
1.74825,1.573
1.600875,1.735625
1.678625,1.667
1.74925,1.578875
1.596125,1.74275
1.684625,1.667
1.741875,1.541125
1.608375,1.69875
1.6635,1.6908750000000001
1.746375,1.576125
1.6215,1.726375
1.649875,1.70625
1.753875,1.552
1.6545,1.679875
1.617125,1.729125
1.749,1.6087500000000001
1.678375,1.6323750000000001
1.586375,1.75275
1.724625,1.645
1.717875,1.606875
1.587375,1.74475
1.69725,1.66675
1.7281250000000001,1.558375
1.581375,1.7145000000000001
1.66975,1.69575
1.75225,1.570875
1.5951250000000001,1.71275
1.641875,1.70675
1.751625,1.554125
1.6287500000000001,1.6875
1.6225,1.744375
1.752125,1.5851250000000001
1.65625,1.629125
1.606,1.717125
1.7397500000000001,1.60725
1.669375,1.635875
1.58175,1.756
1.7425,1.649125
1.724625,1.61775
1.586,1.74
1.699375,1.634625
1.743875,1.60575
1.6007500000000001,1.7515
1.6968750000000001,1.671
1.7513750000000001,1.580125
1.604875,1.712375
1.6772500000000001,1.69025
1.76525,1.57275
1.63625,1.69875
1.627125,1.723
1.760875,1.574
1.674125,1.637375
1.600375,1.76425
1.7455,1.6375
1.729125,1.602875
1.603875,1.7375
1.710625,1.64025
1.7433750000000001,1.547375
1.59975,1.714375
1.65075,1.692375
1.749625,1.560875
1.6320000000000001,1.696625
1.604625,1.72125
1.750125,1.581
1.727375,1.6445
1.618875,1.770125
1.71725,1.631625
1.70625,1.552
1.591,1.739125
1.699625,1.6785
1.746125,1.56075
1.595375,1.696125
1.6300000000000001,1.70875
1.7555,1.552625
1.6536250000000001,1.651125
1.6055,1.749
1.742375,1.615
1.699125,1.59575
1.581375,1.731
1.71025,1.6505
1.7321250000000001,1.5835000000000001
1.585375,1.732625
1.674375,1.681625
1.7493750000000001,1.559125
1.604,1.6928750000000001
1.614125,1.727625
1.7505,1.57825
1.662125,1.636125
1.59375,1.729375
1.729,1.60625
1.695,1.58525
1.566,1.714875
1.695,1.65675
1.74525,1.57425
1.584375,1.7433750000000001
1.679,1.67025
1.694,1.616
1.588125,1.75425
1.7325,1.624125
1.714625,1.584125
1.5875000000000001,1.750125
1.70525,1.664125
1.74075,1.5595
1.586,1.715
1.6655,1.699375
1.73125,1.575375
1.5935000000000001,1.711375
1.6575,1.67675
1.74225,1.54975
1.6075,1.697125
1.612125,1.7257500000000001
1.746125,1.557125
1.637,1.6612500000000001
1.600125,1.722375
1.7361250000000001,1.5735000000000001
1.641875,1.64875
1.58475,1.750375
1.722875,1.582125
1.665875,1.6403750000000001
1.592,1.748625
1.72275,1.6087500000000001
1.687125,1.64125
1.58175,1.776375
1.717625,1.64025
1.729,1.581625
1.579375,1.723
1.66575,1.661875
1.7413750000000001,1.552875
1.6225,1.714375
1.643,1.71525
1.748875,1.563125
1.637375,1.6612500000000001
1.596,1.736875
1.7385,1.603
1.6812500000000001,1.62825
1.579,1.732
1.709625,1.6395
1.717625,1.59125
1.569125,1.7241250000000001
1.67675,1.659375
1.74475,1.5535
1.59025,1.71425
1.648875,1.707375
1.7495,1.551375
1.633125,1.66375
1.6155,1.717625
1.742375,1.584875
1.665375,1.64075
1.59575,1.756125
1.729,1.61425
1.696625,1.607
1.579375,1.75075
1.701,1.64925
1.7241250000000001,1.587625
1.58575,1.739875
1.678125,1.674375
1.7477500000000001,1.555125
1.6031250000000001,1.703125
1.6247500000000001,1.69
1.746,1.56075
1.6425,1.672
1.6065,1.732625
1.747125,1.607
1.691,1.629
1.577625,1.750875
1.716625,1.6295
1.7215,1.55125
1.5705,1.7285
1.664125,1.705875
1.7533750000000001,1.56725
1.6275,1.69175
1.634125,1.71225
1.746,1.58625
1.6500000000000001,1.6732500000000001
1.603625,1.7335
1.74225,1.595875
1.682375,1.61575
1.5778750000000001,1.745
1.71325,1.6463750000000001
1.718625,1.548125
1.5775000000000001,1.698
1.6815,1.70225
1.745875,1.586875
1.6007500000000001,1.70225
1.631875,1.692125
1.7437500000000001,1.5578750000000001
1.627,1.6632500000000001
1.59425,1.729
1.7365,1.593625
1.67225,1.619
1.581,1.72525
1.725,1.60325
1.7141250000000001,1.575
1.584125,1.75725
1.688125,1.67
1.72475,1.54475
1.5755000000000001,1.71775
1.633625,1.70275
1.738625,1.5578750000000001
1.623375,1.656875
1.610875,1.70225
1.729875,1.582125
1.645875,1.659125
1.580375,1.7421250000000001
1.736875,1.609625
1.703875,1.597625
1.575,1.7515
1.698,1.67975
1.72675,1.56775
1.576125,1.688625
1.6516250000000001,1.6692500000000001
1.738375,1.5655000000000001
1.610125,1.7025000000000001
1.612875,1.71775
1.7433750000000001,1.55075
1.671,1.625625
1.597,1.7570000000000001
1.731375,1.625375
1.69925,1.583625
1.579,1.741875
1.701875,1.667125
1.729375,1.565125
1.5795000000000001,1.715
1.65825,1.698125
1.745625,1.5602500000000001
1.6055,1.661875
1.60775,1.717375
1.7437500000000001,1.6011250000000001
1.636625,1.6575
1.58475,1.724375
1.728625,1.570875
1.671375,1.61925
1.581375,1.79875
1.7185000000000001,1.681
1.72325,1.572875
1.5695000000000001,1.71575
1.671125,1.6625
1.738875,1.556625
1.591625,1.70475
1.625375,1.70375
1.740625,1.554125
1.6305,1.663375
1.600625,1.72875
1.737625,1.5675000000000001
1.6755,1.60025
1.577125,1.7766250000000001
1.7175,1.6745
1.72475,1.590125
1.5818750000000001,1.727375
1.674125,1.6640000000000001
1.73325,1.561
1.60125,1.703375
1.6343750000000001,1.6912500000000001
1.734875,1.53075
1.62975,1.68225
1.6135,1.775875
1.746125,1.61125
1.686,1.6400000000000001
1.592625,1.749125
1.7197500000000001,1.632625
1.7245000000000001,1.5815000000000001
1.591375,1.725375
1.6855,1.6776250000000001
1.74025,1.553
1.592375,1.683875
1.635875,1.7075
1.751875,1.5698750000000001
1.633625,1.635625
1.58825,1.75225
1.748,1.635125
1.707125,1.627
1.575625,1.761875
1.69975,1.650875
1.72025,1.579625
1.5758750000000001,1.7297500000000001
1.6615,1.684125
1.74275,1.568375
1.6143750000000001,1.683875
1.617375,1.709875
1.737625,1.560875
1.6485,1.681875
1.59175,1.7905
1.7317500000000001,1.608875
1.680125,1.56275
1.564625,1.738375
1.7081250000000001,1.6675
1.7285,1.559375
1.572375,1.7088750000000001
1.66175,1.659
1.732,1.5675000000000001
1.6011250000000001,1.741875
1.6423750000000001,1.755625
1.751875,1.586125
1.62325,1.682375
1.603375,1.738
1.73525,1.589
1.6560000000000001,1.639125
1.572625,1.75475
1.71525,1.604625
1.701,1.573625
1.57875,1.736
1.692625,1.68025
1.735875,1.589
1.5911250000000001,1.67975
1.655,1.701375
1.742625,1.527625
1.60025,1.602625
1.59425,1.7075
1.7381250000000001,1.63975
1.667375,1.70325
1.5871250000000001,1.7221250000000001
1.7065000000000001,1.511125
1.64775,1.576875
1.609,1.85575
1.741,1.7375
1.722,1.554125
1.5525,1.6463750000000001
1.656875,1.6736250000000001
1.766125,1.588
1.589625,1.65475
1.571625,1.604375
1.762375,1.584625
1.6892500000000001,1.6385
1.58525,1.74275
1.7355,1.695625
1.70375,1.646625
1.5855000000000001,1.6795
1.70175,1.589375
1.721875,1.6705
1.5985,1.716375
1.699,1.630875
1.72525,1.53375
1.593,1.693125
1.671375,1.5145
1.7405,1.606
1.58625,1.6636250000000001
1.696625,1.68175
1.767625,1.5053750000000001
1.56,1.6736250000000001
1.684125,1.76625
1.772,1.52025
1.598375,1.61425
1.634125,1.6872500000000001
1.759125,1.561375
1.6115,1.7650000000000001
1.635125,1.78725
1.7665,1.495125
1.6685,1.455125
1.58975,1.6572500000000001
1.72875,1.6007500000000001
1.688125,1.563125
1.59,1.74225
1.748875,1.716625
1.78925,1.69925
1.593875,1.6095
1.7075,1.57025
1.729125,1.5498750000000001
1.58725,1.721875
1.67275,1.501125
1.689625,1.619375
1.622625,1.796125
1.7161250000000001,1.720875
1.754375,1.532375
1.523125,1.518125
1.67075,1.78325
1.801375,1.6307500000000001
1.630875,1.737
1.661375,1.69
1.7590000000000001,1.545125
1.59575,1.6127500000000001
1.6280000000000001,1.611375
1.756375,1.572875
1.6435,1.757875
1.6283750000000001,1.726
1.7255,1.4565000000000001
1.6425,1.5705
1.598375,1.74
1.74275,1.539125
1.698,1.639375
1.58225,1.82575
1.72475,1.708
1.706,1.54875
1.594625,1.658625
1.70425,1.65575
1.75675,1.612625
1.58975,1.760625
1.6872500000000001,1.695375
1.690375,1.4605000000000001
1.547,1.619875
1.685375,1.768125
1.781125,1.6227500000000001
1.555125,1.59225
1.640125,1.587
1.739,1.74275
1.599375,1.681375
1.658875,1.572875
1.7321250000000001,1.629375
1.600625,1.6243750000000001
1.683625,1.68775
1.8118750000000001,1.605
1.5486250000000001,1.559
1.59775,1.8155000000000001
1.8015,1.5518750000000001
1.5386250000000001,1.578375
1.688375,1.8145
1.7573750000000001,1.338
1.569375,1.784375
1.64375,1.757625
1.78925,1.688125
1.633125,1.5113750000000001
1.530875,1.671375
1.75625,1.622875
1.674,1.619875
1.547,1.6620000000000001
1.701875,1.654375
1.709375,1.528375
1.619625,1.796875
1.747625,1.617125
1.6195,1.5915000000000001
1.575625,2.0295
1.727625,1.474625
1.6235,1.48525
1.65075,1.8985
1.744875,1.5542500000000001
1.6875,1.597875
1.588625,1.563625
1.6283750000000001,1.76725
1.831625,1.650875
1.63475,1.6496250000000001
1.543,1.683
1.684625,1.709625
1.666875,1.5325
1.6071250000000001,1.72275
1.746875,1.768375
1.534125,1.4372500000000001
1.447,1.91625
1.800375,1.668625
1.699375,1.446375
1.50575,1.9152500000000001
1.622,1.810375
1.6395,1.574125
1.560125,1.49125
1.5402500000000001,1.6215
1.736,1.8847500000000001
1.682375,1.653375
1.4192500000000001,1.682125
1.6275,1.77825
1.67475,1.31
1.498,1.7850000000000001
1.7281250000000001,1.82575
1.7453750000000001,1.5075
1.488375,1.9136250000000001
1.7245000000000001,1.7081250000000001
1.693875,1.2705
1.56,1.897375
1.6995,1.882875
1.789125,1.4055
1.6025,1.803
1.593625,1.9003750000000001
1.7537500000000001,1.357625
1.6772500000000001,1.6675
1.57825,1.941625
1.712,1.719
1.707875,1.407125
1.611375,1.626875
1.7101250000000001,1.987625
1.74325,1.6536250000000001
1.673,1.7593750000000001
1.7005000000000001,1.621125
1.6855,1.55375
1.62125,1.8675
1.635,1.656125
1.715375,1.70925
1.824875,1.4352500000000001
1.598625,1.52575
1.6423750000000001,1.82475
1.8825,1.883
1.609,1.621625
1.700125,1.948625
1.797125,1.6365
1.65775,1.82425
1.801625,1.730625
1.644125,1.039125
1.569,2.01675
1.856125,1.9528750000000001
1.7866250000000001,1.536
1.547125,1.63875
1.719875,1.9701250000000001
1.884125,1.64725
1.522875,1.5330000000000001
1.6436250000000001,1.685875
1.8995,1.61925
1.634625,1.7613750000000001
1.614,1.982625
1.77625,1.64425
1.648875,1.3465
1.548125,1.6067500000000001
1.8175000000000001,2.079625
1.895125,1.89775
1.61125,1.68875
1.61125,1.153125
1.559375,1.20325
1.668875,2.01825
1.88575,1.8295000000000001
1.5967500000000001,1.350875
1.590875,1.94675
1.8415000000000001,2.05675
1.8215000000000001,1.415875
1.564875,1.35225
1.67575,1.963375
1.70375,1.696125
1.646125,1.590625
1.766125,1.64275
1.68575,1.1692500000000001
1.662125,1.80475
1.755625,2.142375
1.68975,1.56975
1.76625,1.7457500000000001
1.7517500000000001,2.010875
1.697125,1.5395
1.7065000000000001,1.72325
1.712375,1.5615
1.567375,1.516875
1.766375,1.6047500000000001
1.7317500000000001,1.70725
1.57325,1.99625
1.761625,1.815375
1.8707500000000001,1.407875
1.5535,1.92875
1.864,1.941625
1.695125,1.7265000000000001
1.53475,1.620625
1.82475,1.0462500000000001
1.65625,1.6828750000000001
1.57925,2.2835
1.787125,2.0375
1.8415000000000001,1.6007500000000001
1.597,1.719125
1.7125000000000001,1.7962500000000001
1.714,1.6496250000000001
1.61525,1.56325
1.747,1.591
1.741625,1.554125
1.639625,2.1005000000000003
1.74,2.105875
1.7998750000000001,1.625625
1.566625,1.227
1.40025,2.023375
1.87375,1.840375
1.930625,1.61175
1.545,1.629375
1.707625,1.92025
1.8285,1.7205000000000001
1.536,1.7125000000000001
1.73475,1.753875
1.762625,1.788375
1.650625,1.95025
1.71525,1.7315
1.794375,1.55175
1.575125,1.710375
1.665,1.768375
1.82175,1.68775
1.6632500000000001,1.8062500000000001
1.623625,1.7885
1.703375,1.6380000000000001
1.60975,1.569625
1.626625,1.867
1.792875,1.76
1.73275,1.54725
1.54975,1.820125
1.729375,1.661875
1.75475,1.45025
1.58875,1.8747500000000001
1.687375,1.820625
1.65425,1.5050000000000001
1.54175,1.696125
1.7257500000000001,1.751125
1.8035,1.6285
1.618125,1.776
1.599375,1.789125
1.74475,1.556375
1.619625,1.5795000000000001
1.59425,1.693125
1.7690000000000001,1.614625
1.6752500000000001,1.579375
1.5095,1.68825
1.68425,1.76675
1.747125,1.710375
1.57325,1.743125
1.64375,1.64375
1.722,1.566
1.588125,1.728
1.632875,1.7726250000000001
1.7145000000000001,1.623125
1.59425,1.74275
1.602375,1.678375
1.71525,1.3735
1.58875,1.66575
1.595375,1.942375
1.75725,1.675375
1.6775,1.6007500000000001
1.538375,1.718875
1.6463750000000001,1.6275
1.695,1.613
1.58425,1.727125
1.70075,1.613
1.699375,1.598875
1.531125,1.6796250000000001
1.6205,1.5486250000000001
1.688125,1.675
1.6,1.846625
1.66975,1.75
1.735875,1.5075
1.5835000000000001,1.626125
1.586,1.742375
1.73675,1.675375
1.644125,1.6560000000000001
1.575625,1.686625
1.705,1.545
1.645125,1.587375
1.563125,1.72
1.69825,1.546375
1.67675,1.4821250000000001
1.5522500000000001,1.7982500000000001
1.681375,1.75
1.733625,1.508375
1.5695000000000001,1.668125
1.6123750000000001,1.7235
1.732625,1.487875
1.584,1.681875
1.612875,1.7605
1.735875,1.57175
1.626625,1.61125
1.57675,1.69175
1.7305,1.5705
1.6756250000000001,1.56875
1.546125,1.676375
1.674125,1.57475
1.7041250000000001,1.53525
1.5518750000000001,1.746875
1.648375,1.725125
1.7401250000000001,1.54525
1.598875,1.659125
1.6,1.681375
1.728625,1.512625
1.63475,1.611375
1.571,1.7277500000000001
1.715,1.59525
1.675,1.55775
1.556,1.709875
1.677375,1.61325
1.7105000000000001,1.4937500000000001
1.53675,1.635375
1.652375,1.702125
1.7433750000000001,1.56325
1.57375,1.6275
1.589375,1.693
1.7325,1.58325
1.624875,1.65275
1.566625,1.693375
1.707,1.541
1.659,1.613875
1.562,1.73225
1.6792500000000001,1.5805
1.688125,1.5578750000000001
1.56825,1.70625
1.656875,1.61575
1.69725,1.51275
1.543625,1.706
1.6516250000000001,1.650125
1.6875,1.6055
1.542125,1.686375
1.69775,1.568875
1.5935000000000001,1.671375
1.597,1.681
1.73075,1.526875
1.6115,1.613
1.567375,1.6885000000000001
1.7165000000000001,1.5285
1.605625,1.641
1.5791250000000001,1.686125
1.7145000000000001,1.54775
1.624125,1.59725
1.556125,1.64425
1.70825,1.571
1.676,1.5911250000000001
1.5515,1.7008750000000001
1.695375,1.635125
1.7155,1.58425
1.564875,1.70925
1.661125,1.630125
1.7255,1.48425
1.574625,1.6307500000000001
1.591625,1.670125
1.724625,1.525125
1.6283750000000001,1.65975
1.58925,1.70575
1.7105000000000001,1.53275
1.6203750000000001,1.601625
1.581625,1.696625
1.73025,1.57575
1.686625,1.555125
1.550875,1.691125
1.678125,1.576375
1.7,1.53975
1.564625,1.713375
1.657,1.644625
1.72275,1.52875
1.57475,1.675
1.6187500000000001,1.687
1.744125,1.524375
1.6243750000000001,1.606875
1.5665,1.7115
1.7285,1.608625
1.697625,1.57
1.56275,1.67025
1.6908750000000001,1.6131250000000001
1.72225,1.559625
1.5805,1.691625
1.6595,1.662125
1.736375,1.549125
1.596625,1.66175
1.604875,1.672375
1.7265000000000001,1.524
1.6423750000000001,1.619375
1.6035,1.736875
1.734,1.56675
1.665,1.588625
1.567375,1.721125
1.70825,1.6035
1.7105000000000001,1.544375
1.565125,1.7045000000000001
1.671,1.65425
1.736875,1.5166250000000001
1.585625,1.665375
1.639375,1.69725
1.75675,1.534
1.6263750000000001,1.605375
1.59,1.70925
1.758,1.612625
1.6955,1.614125
1.58175,1.721375
1.711875,1.614125
1.7185000000000001,1.562125
1.57075,1.69875
1.663,1.614875
1.73925,1.5330000000000001
1.5987500000000001,1.71225
1.63675,1.711125
1.749125,1.521625
1.6235,1.60625
1.602875,1.68425
1.749,1.606375
1.663125,1.64975
1.58125,1.7221250000000001
1.723,1.57325
1.699,1.584875
1.5815000000000001,1.76175
1.702,1.648125
1.725875,1.5330000000000001
1.577125,1.677875
1.6380000000000001,1.65325
1.742,1.537
1.6195,1.676375
1.62425,1.7465
1.7595,1.592875
1.67275,1.632625
1.589875,1.706375
1.7325,1.589
1.7121250000000001,1.591625
1.5931250000000001,1.724875
1.709875,1.6247500000000001
1.7353750000000001,1.556125
1.5951250000000001,1.688125
1.66075,1.632125
1.7495,1.577375
1.61525,1.750625
1.6185,1.716
1.747625,1.517875
1.6283750000000001,1.621
1.600625,1.70475
1.74475,1.559125
1.648625,1.659125
1.599625,1.732625
1.7375,1.585625
1.676,1.623
1.596,1.751625
1.741125,1.659125
1.720375,1.608125
1.573125,1.733875
1.689375,1.666375
1.736,1.57675
1.596125,1.693375
1.673125,1.6625
1.7413750000000001,1.5350000000000001
1.5995000000000001,1.6752500000000001
1.6145,1.713625
1.74925,1.5635000000000001
1.6476250000000001,1.6560000000000001
1.592875,1.71325
1.7405,1.607875
1.688375,1.6525
1.5985,1.7726250000000001
1.739,1.6207500000000001
1.650875,1.612875
1.582,1.698
1.7377500000000001,1.64275
1.72225,1.619125
1.5987500000000001,1.737125
1.709875,1.655125
1.713625,1.6115
1.583625,1.703875
1.68825,1.616
1.737625,1.584375
1.6151250000000001,1.7405
1.67,1.71
1.754,1.56775
1.6255,1.6928750000000001
1.605875,1.7493750000000001
1.7515,1.588625
1.683625,1.610625
1.589375,1.740875
1.71575,1.6065
1.699875,1.58125
1.58175,1.783375
1.7015,1.698375
1.719,1.586
1.5585,1.7135
1.62725,1.686125
1.734625,1.5622500000000001
1.605,1.692625
1.602375,1.744
1.735875,1.6091250000000001
1.65825,1.660125
1.5905,1.7315
1.717,1.604
1.7005000000000001,1.599
1.577625,1.747625
1.69,1.635625
1.737875,1.5478750000000001
1.60925,1.750375
1.6612500000000001,1.7393750000000001
1.7473750000000001,1.539625
1.63175,1.65875
1.6155,1.73825
1.748,1.627625
1.68825,1.6616250000000001
1.600875,1.74825
1.741875,1.66375
1.7325,1.62125
1.59375,1.727125
1.699375,1.6596250000000001
1.74875,1.595625
1.609,1.7465
1.6808750000000001,1.6795
1.691125,1.633375
1.605625,1.74725
1.7425,1.642875
1.68175,1.65825
1.59725,1.737625
1.743,1.5951250000000001
1.6995,1.64775
1.6015,1.754375
1.744375,1.6385
1.7457500000000001,1.6223750000000001
1.608625,1.7633750000000001
1.706375,1.664125
1.747875,1.5486250000000001
1.612625,1.738625
1.68075,1.74025
1.78,1.56875
1.6400000000000001,1.681
1.637125,1.71725
1.765625,1.587
1.666125,1.67475
1.616875,1.753875
1.75125,1.6215
1.691625,1.6385
1.593625,1.7775
1.72725,1.657875
1.7161250000000001,1.5975000000000001
1.579,1.7381250000000001
1.704,1.655875
1.751875,1.572
1.595875,1.740375
1.667125,1.707625
1.7517500000000001,1.544875
1.6071250000000001,1.6985000000000001
1.62625,1.760125
1.7653750000000001,1.61925
1.661875,1.683125
1.608125,1.73875
1.7413750000000001,1.58925
1.67875,1.63625
1.58425,1.770375
1.72225,1.644875
1.7215,1.605375
1.578875,1.73675
1.70575,1.642625
1.733625,1.57525
1.586625,1.734375
1.6765,1.683625
1.7573750000000001,1.5595
1.609375,1.6995
1.649375,1.715375
1.759125,1.569
1.623,1.693375
1.623,1.719625
1.742375,1.553
1.6185,1.7065000000000001
1.646125,1.7437500000000001
1.7753750000000001,1.58725
1.6825,1.6516250000000001
1.592875,1.7593750000000001
1.747625,1.6385
1.7061250000000001,1.6260000000000001
1.57575,1.715125
1.7141250000000001,1.6225
1.733875,1.603625
1.591,1.78725
1.701125,1.69775
1.7485,1.58425
1.587375,1.733
1.667875,1.714625
1.75525,1.5655000000000001
1.61325,1.6868750000000001
1.649,1.70875
1.7573750000000001,1.567
1.6415,1.698
1.628625,1.762625
1.7593750000000001,1.576
1.672125,1.6405
1.598375,1.784125
1.7435,1.64375
1.701,1.61625
1.5871250000000001,1.767875
1.723625,1.67025
1.71625,1.611375
1.581,1.731375
1.7055,1.647375
1.738875,1.588625
1.5798750000000001,1.75675
1.660125,1.676
1.739875,1.558375
1.596625,1.750375
1.663,1.715
1.746375,1.5675000000000001
1.606,1.7048750000000001
1.6287500000000001,1.7025000000000001
1.7405,1.575
1.642875,1.684625
1.615375,1.7381250000000001
1.7453750000000001,1.56075
1.61375,1.673
1.5931250000000001,1.766
1.746875,1.611625
1.657375,1.65875
1.577125,1.782875
1.720875,1.636875
1.6945000000000001,1.59175
1.548375,1.7377500000000001
1.658875,1.656875
1.6855,1.58025
1.5486250000000001,1.728625
1.614625,1.701375
1.6945000000000001,1.593375
1.5585,1.721875
1.576,1.735125
1.683,1.5835000000000001
1.572375,1.66075
1.524375,1.77125
1.667375,1.63025
1.6195,1.625875
1.51325,1.747875
1.64825,1.6595
1.6535,1.628875
1.515625,1.746125
1.63675,1.64975
1.698125,1.59
1.531125,1.744875
1.647375,1.675875
1.724,1.57375
1.57425,1.7437500000000001
1.6267500000000001,1.72225
1.7317500000000001,1.555625
1.60025,1.661
1.60025,1.73225
1.74675,1.6335
1.656375,1.682
1.58125,1.7393750000000001
1.728875,1.605625
1.71525,1.595875
1.58875,1.7435
1.701125,1.646875
1.741,1.570125
1.5831250000000001,1.723875
1.673875,1.681125
1.75275,1.5505
1.6131250000000001,1.699
1.648625,1.7035
1.7565,1.552
1.6536250000000001,1.699875
1.625625,1.767625
1.75675,1.59825
1.689875,1.622875
1.602125,1.753125
1.744,1.633375
1.733125,1.588375
1.5885,1.7395
1.69225,1.6705
1.76025,1.55525
1.624625,1.709
1.655,1.72475
1.7695,1.559125
1.6632500000000001,1.665875
1.6107500000000001,1.76675
1.7766250000000001,1.61575
1.7285,1.610125
1.6011250000000001,1.7593750000000001
1.7261250000000001,1.6456250000000001
1.748875,1.565625
1.6111250000000001,1.713375
1.698,1.673
1.760375,1.5475
1.6185,1.703
1.6560000000000001,1.739625
1.7726250000000001,1.57475
1.675875,1.6405
1.61625,1.737125
1.756875,1.612625
1.705625,1.616125
1.6047500000000001,1.756
1.739625,1.65675
1.749,1.5622500000000001
1.596,1.6925000000000001
1.6745,1.667
1.754,1.5798750000000001
1.6260000000000001,1.72825
1.65075,1.720625
1.7565,1.5775000000000001
1.647875,1.6445
1.586375,1.71675
1.746625,1.6307500000000001
1.71875,1.6415
1.59975,1.764125
1.7241250000000001,1.642125
1.73,1.570875
1.58075,1.727375
1.6745,1.6735
1.763875,1.56825
1.618625,1.698125
1.632625,1.70575
1.756,1.552375
1.650125,1.659
1.623875,1.711375
1.75625,1.5698750000000001
1.648125,1.70825
1.61925,1.748375
1.75125,1.57125
1.663375,1.643875
1.610125,1.7401250000000001
1.758,1.599375
1.7028750000000001,1.617875
1.595,1.77125
1.7375,1.653875
1.7437500000000001,1.5595
1.594125,1.721125
1.6915,1.69
1.7577500000000001,1.570125
1.621875,1.71
1.640125,1.7101250000000001
1.754,1.562
1.64375,1.66475
1.6055,1.72825
1.75225,1.6047500000000001
1.6868750000000001,1.62825
1.599375,1.751875
1.735125,1.6247500000000001
1.722625,1.632875
1.5911250000000001,1.7473750000000001
1.71725,1.6145
1.72475,1.592
1.5875000000000001,1.7665
1.705,1.68425
1.758375,1.5655000000000001
1.598375,1.7045000000000001
1.65825,1.689125
1.753875,1.559625
1.617125,1.688125
1.619125,1.7265000000000001
1.7535,1.56725
1.668625,1.6227500000000001
1.607875,1.7235
1.74425,1.608375
1.698125,1.63825
1.6,1.7590000000000001
1.717375,1.637125
1.715,1.57525
1.57675,1.7221250000000001
1.694625,1.663125
1.74325,1.574375
1.584375,1.714375
1.66675,1.701125
1.752875,1.566625
1.597625,1.706
1.6540000000000001,1.664625
1.7355,1.56375
1.6125,1.714625
1.63725,1.72275
1.7495,1.56575
1.644625,1.662875
1.592875,1.727875
1.73125,1.582875
1.68075,1.62725
1.588125,1.757125
1.725125,1.6267500000000001
1.7221250000000001,1.571375
1.568375,1.7295
1.682375,1.65775
1.7361250000000001,1.568
1.6011250000000001,1.721875
1.66075,1.6955
1.748,1.54925
1.60825,1.661875
1.611875,1.7161250000000001
1.744875,1.575625
1.653375,1.6620000000000001
1.5905,1.7437500000000001
1.730625,1.580375
1.6435,1.66875
1.59325,1.7341250000000001
1.74825,1.6085
1.7015,1.6287500000000001
1.581375,1.755125
1.7088750000000001,1.64425
1.729375,1.59
1.601,1.7261250000000001
1.692375,1.6755
1.73225,1.569375
1.59525,1.700375
1.6335,1.6792500000000001
1.74225,1.5698750000000001
1.624,1.702
1.62325,1.7321250000000001
1.753875,1.57725
1.6565,1.65275
1.593625,1.757125
1.742375,1.6145
1.7115,1.583625
1.57475,1.73075
1.71675,1.655125
1.73725,1.5915000000000001
1.5905,1.73825
1.7405,1.60025
1.691875,1.6440000000000001
1.588875,1.7505
1.73225,1.61575
1.729375,1.569
1.586625,1.7397500000000001
1.6975,1.66075
1.74925,1.5522500000000001
1.599875,1.70375
1.649875,1.670125
1.74725,1.526
1.62125,1.6792500000000001
1.630125,1.7475
1.7577500000000001,1.586125
1.6605,1.65225
1.5987500000000001,1.743
1.739125,1.616125
1.689875,1.623
1.58,1.745125
1.716625,1.6225
1.728625,1.558125
1.58475,1.727625
1.688625,1.675375
1.754625,1.5675000000000001
1.600875,1.704625
1.6465,1.687875
1.752875,1.557
1.602625,1.679125
1.604875,1.6692500000000001
1.734875,1.573375
1.66175,1.69275
1.61725,1.746875
1.742875,1.59375
1.669375,1.627625
1.582875,1.745875
1.72275,1.611875
1.702,1.606
1.5835000000000001,1.75
1.7181250000000001,1.65375
1.71325,1.613
1.591,1.746375
1.701375,1.6415
1.721375,1.541875
1.5871250000000001,1.695125
1.67625,1.685
1.76125,1.57875
1.621,1.702375
1.619375,1.713125
1.742875,1.578625
1.657,1.644875
1.586375,1.6968750000000001
1.742875,1.5905
1.696375,1.6635
1.6085,1.7645
1.739,1.626125
1.73025,1.56925
1.5871250000000001,1.723875
1.677375,1.661875
1.756125,1.5422500000000001
1.62775,1.70575
1.649375,1.7317500000000001
1.756625,1.56975
1.640125,1.660625
1.606375,1.744625
1.75025,1.615625
1.699875,1.602
1.584625,1.726
1.713625,1.647875
1.744875,1.5835000000000001
1.601375,1.73025
1.67275,1.68675
1.741,1.533375
1.58975,1.6825
1.627625,1.754625
1.76875,1.59975
1.673875,1.6645
1.6111250000000001,1.741
1.73675,1.591375
1.672125,1.6323750000000001
1.594875,1.7425
1.73325,1.6380000000000001
1.709625,1.6185
1.589875,1.739625
1.706,1.637625
1.74325,1.554875
1.5991250000000001,1.718
1.6625,1.6848750000000001
1.739625,1.54
1.617375,1.705125
1.6385,1.7225000000000001
1.746625,1.570125
1.5805,1.717375
1.67225,1.665375
1.7341250000000001,1.55475
1.6011250000000001,1.72625
1.6455,1.717625
1.7493750000000001,1.5618750000000001
1.61,1.6928750000000001
1.6285,1.711375
1.7485,1.551625
1.61525,1.6735
1.608875,1.73475
1.7417500000000001,1.5798750000000001
1.6495,1.654875
1.588625,1.735875
1.7175,1.582625
1.67075,1.6223750000000001
1.574125,1.778875
1.7145000000000001,1.669875
1.738,1.576875
1.582625,1.70025
1.6736250000000001,1.65175
1.73025,1.57525
1.584375,1.73525
1.628625,1.721375
1.742625,1.554875
1.621375,1.67775
1.6031250000000001,1.741125
1.73025,1.569
1.63475,1.663125
1.592625,1.741625
1.730625,1.610125
1.66975,1.634625
1.57425,1.75475
1.714375,1.634125
1.699125,1.59325
1.572875,1.746125
1.691125,1.654875
1.709,1.61125
1.58725,1.760625
1.69075,1.66375
1.722,1.570125
1.57325,1.7317500000000001
1.67225,1.674
1.73025,1.564875
1.5778750000000001,1.725
1.671,1.67825
1.737125,1.557625
1.58375,1.705
1.62825,1.70275
1.745,1.5578750000000001
1.59575,1.699625
1.6051250000000001,1.71825
1.741875,1.53975
1.627125,1.663375
1.602125,1.727875
1.7353750000000001,1.56975
1.631625,1.66625
1.5955000000000001,1.74075
1.74125,1.60825
1.653,1.658625
1.58325,1.728
1.724375,1.5947500000000001
1.6545,1.64125
1.57,1.747
1.703875,1.6280000000000001
1.70025,1.602125
1.5791250000000001,1.744
1.6892500000000001,1.6456250000000001
1.68675,1.60525
1.56775,1.723125
1.69275,1.634125
1.7315,1.6165
1.591,1.7585
1.667,1.682375
1.7355,1.5482500000000001
1.61225,1.692625
1.622125,1.727125
1.7375,1.5705
1.611,1.6865
1.602375,1.74225
1.748875,1.580125
1.6260000000000001,1.6403750000000001
1.58275,1.736875
1.74075,1.64425
1.6655,1.6665
1.57775,1.75675
1.7225000000000001,1.62725
1.690625,1.61175
1.572875,1.750375
1.7025000000000001,1.65325
1.70975,1.60375
1.576125,1.741875
1.692375,1.65625
1.726375,1.595
1.58825,1.727875
1.67975,1.647875
1.731375,1.579
1.589625,1.724875
1.649125,1.70225
1.745,1.5638750000000001
1.614875,1.67875
1.596875,1.70825
1.731625,1.56925
1.655875,1.65575
1.580875,1.7585
1.723875,1.625375
1.699,1.595875
1.570125,1.740875
1.6865,1.6600000000000001
1.7277500000000001,1.615875
1.58475,1.742875
1.702375,1.6283750000000001
1.707625,1.549
1.576375,1.736
1.686,1.6935
1.73025,1.569625
1.578875,1.72
1.654125,1.703875
1.763875,1.56725
1.627875,1.67825
1.5971250000000001,1.729
1.733625,1.58975
1.6640000000000001,1.6516250000000001
1.59425,1.74225
1.7221250000000001,1.604875
1.691875,1.6011250000000001
1.570375,1.724875
1.684375,1.6067500000000001
1.70725,1.559625
1.578375,1.769625
1.6796250000000001,1.7185000000000001
1.747875,1.56275
1.583375,1.6845
1.606875,1.698125
1.729125,1.5638750000000001
1.5855000000000001,1.72125
1.654625,1.692
1.7285,1.551625
1.597875,1.6765
1.620875,1.71225
1.742875,1.577
1.641125,1.659375
1.58725,1.732375
1.730375,1.61525
1.693625,1.613625
1.576,1.7261250000000001
1.703,1.6605
1.72725,1.59625
1.569125,1.707625
1.64525,1.665
1.73675,1.541375
1.608625,1.6788750000000001
1.60625,1.7357500000000001
1.739625,1.605875
1.654625,1.64575
1.58,1.734625
1.723875,1.607625
1.699,1.5967500000000001
1.572625,1.746375
1.72875,1.623125
1.711375,1.628125
1.595375,1.734875
1.6995,1.637
1.7197500000000001,1.57725
1.58175,1.714875
1.670875,1.695
1.7517500000000001,1.583375
1.609875,1.699875
1.6280000000000001,1.717125
1.748,1.569375
1.6460000000000001,1.657875
1.598125,1.738
1.7361250000000001,1.6123750000000001
1.695875,1.623875
1.58375,1.758125
1.705375,1.6435
1.732,1.5542500000000001
1.590125,1.7025000000000001
1.666625,1.678
1.7457500000000001,1.55925
1.6187500000000001,1.6965000000000001
1.6285,1.728875
1.75,1.586125
1.650375,1.66475
1.5935000000000001,1.762125
1.744,1.608125
1.70625,1.5935000000000001
1.5911250000000001,1.7395
1.71525,1.602875
1.69975,1.6165
1.576625,1.757875
1.70925,1.649875
1.7325,1.594
1.578625,1.742875
1.658625,1.69025
1.7225000000000001,1.54075
1.56775,1.69825
1.5995000000000001,1.7185000000000001
1.74925,1.564875
1.592125,1.665
1.50625,1.71475
1.6485,1.580375
1.6845,1.6545
1.644625,1.748
1.664875,1.613875
1.46,1.58275
1.4865,1.70975
1.890125,1.6400000000000001
1.902125,1.605375
1.62725,1.762875
1.6516250000000001,1.691375
1.7241250000000001,1.547125
1.602,1.736625
1.664625,1.73675
1.6835,1.546125
1.537875,1.650625
1.6560000000000001,1.6835
1.753875,1.5935000000000001
1.43625,1.633125
1.256625,1.6805
1.798375,1.635875
2.020875,1.6525
1.4975,1.740875
1.492625,1.636625
1.7695,1.616875
1.68575,1.7455
1.71725,1.6365
1.693375,1.54875
1.578,1.70475
1.536375,1.698375
1.4757500000000001,1.517625
1.447375,1.64525
1.517125,1.7575
1.6476250000000001,1.561625
1.4825,1.5386250000000001
1.54475,1.707625
1.93975,1.6183750000000001
1.857625,1.6085
1.61375,1.757625
1.793625,1.691375
1.7965,1.62175
1.54125,1.756125
1.616,1.657125
1.464,1.504125
1.222,1.6445
1.577,1.6575
1.852875,1.622625
1.586625,1.76275
1.572375,1.581375
1.3245,1.4328750000000001
1.26075,1.721625
1.694125,1.78125
2.0525,1.624
1.515125,1.663125
1.18925,1.55175
1.1888750000000001,1.44475
1.413125,1.666375
1.49,1.713875
1.570125,1.55775
1.35375,1.58675
1.36575,1.7141250000000001
1.967125,1.644625
1.836625,1.65975
1.324375,1.724375
1.434125,1.591625
1.69825,1.6005
1.719875,1.743125
1.555125,1.6215
1.52725,1.646875
1.5725,1.718875
1.9175,1.6520000000000001
1.78575,1.566
1.0255,1.697625
1.552875,1.6868750000000001
2.15575,1.578
1.785375,1.7325
1.5005,1.6725
1.673125,1.561375
1.40875,1.75075
1.674375,1.6676250000000001
1.853625,1.548125
1.72825,1.726625
1.659375,1.70125
1.788875,1.566875
1.66825,1.7337500000000001
1.777125,1.631
1.721125,1.5795000000000001
1.52625,1.7201250000000001
1.5695000000000001,1.6095
1.3723750000000001,1.530375
1.379,1.736375
1.89775,1.707625
1.7650000000000001,1.539625
1.346625,1.66275
1.71425,1.6725
1.736625,1.559625
1.514125,1.7445
1.569375,1.7573750000000001
1.80975,1.565375
1.838375,1.59925
1.38925,1.7595
1.3860000000000001,1.6575
1.569375,1.574125
1.68,1.7161250000000001
1.72625,1.5825
1.6403750000000001,1.529875
1.25325,1.72075
1.438625,1.6772500000000001
2.05425,1.510125
1.402625,1.723
0.928,1.72125
1.63025,1.540375
1.9172500000000001,1.708625
1.897125,1.6975
1.504,1.56825
1.51925,1.65525
1.82475,1.744
1.978875,1.5662500000000001
1.269375,1.646125
0.99875,1.6776250000000001
1.695375,1.536875
2.0625,1.692
1.76275,1.77925
1.556625,1.608875
1.52475,1.652125
1.567375,1.734
1.970875,1.6225
1.5818750000000001,1.6223750000000001
1.2650000000000001,1.7998750000000001
1.787375,1.6267500000000001
1.600625,1.480625
1.42875,1.674
1.815125,1.6952500000000001
1.895375,1.635875
1.35575,1.7105000000000001
1.48125,1.679
1.97675,1.586625
1.7445,1.6968750000000001
1.374,1.71925
1.46775,1.649
1.5205,1.6605
1.838375,1.624125
1.947625,1.6071250000000001
1.396125,1.6545
1.323125,1.769875
1.752875,1.5955000000000001
1.692125,1.545625
1.7965,1.732375
1.758875,1.696
1.498625,1.54275
0.93925,1.660125
1.5811250000000001,1.70575
2.1415,1.559625
1.826,1.587625
0.939875,1.77575
1.509125,1.697875
2.081875,1.563125
2.0255,1.70975
1.773875,1.6785
1.5935000000000001,1.593
1.55375,1.7375
1.5815000000000001,1.679875
1.71925,1.5246250000000001
1.627125,1.694625
1.660875,1.664875
1.5186250000000001,1.571125
1.465125,1.5955000000000001
1.71,1.59925
1.670625,1.6385
1.20675,1.749625
1.7750000000000001,1.8202500000000001
2.036375,1.57175
1.379625,1.59325
1.13825,1.668875
2.0095,1.59275
1.89825,1.51975
1.4508750000000001,1.7415
1.5838750000000001,1.648125
1.82075,1.5235
1.67475,1.7085000000000001
1.641875,1.715125
1.848875,1.6300000000000001
1.1888750000000001,1.7445
0.955375,1.664375
1.8318750000000001,1.60575
1.854875,1.621625
2.012875,1.6163750000000001
1.714625,1.612125
1.3491250000000001,1.772125
1.667,1.64375
1.6676250000000001,1.492125
1.421875,1.82075
1.492125,1.691625
1.223,1.310375
1.864625,1.549625
1.8663750000000001,1.830625
0.9273750000000001,1.5838750000000001
1.242,1.784125
2.137625,1.574
2.03125,1.625875
1.48075,1.8747500000000001
1.48075,1.562875
1.042875,1.36025
1.605375,1.580625
1.60175,1.7962500000000001
1.646625,1.703875
1.359,1.643
1.37675,1.49625
1.08575,1.391
0.734125,1.562875
1.462375,1.59
2.144625,1.587
0.7485,1.828625
1.56975,1.67275
2.481875,1.667375
1.70025,1.806875
1.711375,1.644875
1.8235000000000001,1.514375
1.592,1.5402500000000001
0.358875,1.62925
0.818875,1.56925
1.859,1.49725
1.6615,1.709625
2.253375,1.63625
2.476,1.6445
1.905875,1.841875
1.706625,1.876125
2.011875,1.6480000000000001
1.9565000000000001,1.662875
1.7595,1.7865
1.80125,1.67475
1.811625,1.6363750000000001
1.774375,1.702125
1.855,1.6443750000000001
1.776125,1.61525
1.65275,1.78125
1.9945,1.6625
2.062,1.6612500000000001
1.8098750000000001,1.799625
1.84525,1.643
1.877625,1.618875
1.78325,1.77675
1.864125,1.615625
1.7998750000000001,1.607
1.76425,1.777125
1.92825,1.7055
1.712875,1.646875
1.5422500000000001,1.72325
2.009375,1.6383750000000001
2.14225,1.64325
1.813125,1.769125
1.811125,1.699
1.87725,1.588625
1.756,1.696
1.819125,1.669875
1.8900000000000001,1.5426250000000001
1.753875,1.714
1.7477500000000001,1.7710000000000001
1.850625,1.60775
1.734625,1.694125
1.78675,1.71
1.87825,1.555125
1.7185000000000001,1.7061250000000001
1.72225,1.747125
1.8405,1.577125
1.730875,1.6865
1.68075,1.79
1.82525,1.60575
1.8035,1.6335
1.69475,1.782375
1.801125,1.6303750000000001
1.710375,1.6565
1.718625,1.735875
1.838875,1.631375
1.750375,1.6207500000000001
1.6825,1.735875
1.8115,1.650625
1.7845,1.588
1.648625,1.692125
1.770875,1.64025
1.826375,1.5851250000000001
1.687125,1.73425
1.744375,1.7217500000000001
1.821125,1.537
1.69425,1.685875
1.739625,1.74
1.86975,1.5765
1.754875,1.6223750000000001
1.717375,1.78375
1.867875,1.673875
1.8118750000000001,1.598875
1.715625,1.70425
1.855,1.671125
1.853375,1.5991250000000001
1.707125,1.73625
1.803375,1.6788750000000001
1.8715,1.528375
1.707125,1.641375
1.756625,1.7101250000000001
1.924,1.63125
1.800875,1.6785
1.716375,1.7475
1.873375,1.6055
1.80475,1.6135
1.7201250000000001,1.64425
1.852,1.579375
1.813375,1.7135
1.745,1.799125
1.871625,1.619875
1.800125,1.619375
1.7201250000000001,1.73525
1.856125,1.630625
1.826875,1.666
1.720625,1.7885
1.850875,1.636125
1.8555000000000001,1.58525
1.719125,1.793625
1.80925,1.7205000000000001
1.86625,1.5206250000000001
1.71825,1.6235
1.744125,1.6485
1.861,1.537
1.770125,1.7035
1.725,1.802125
1.849625,1.6025
1.793,1.626125
1.7101250000000001,1.835375
1.845375,1.7237500000000001
1.84725,1.563
1.6895,1.7115
1.75925,1.711625
1.8555000000000001,1.5465
1.7265000000000001,1.690125
1.73725,1.77075
1.8687500000000001,1.58475
1.7435,1.580875
1.6612500000000001,1.73225
1.842,1.685
1.82375,1.65625
1.675,1.76775
1.78875,1.665125
1.8295000000000001,1.5765
1.671125,1.7005000000000001
1.717625,1.676125
1.822,1.58575
1.7181250000000001,1.689125
1.675875,1.69025
1.79075,1.5705
1.7435,1.695625
1.6575,1.794375
1.77375,1.63825
1.791375,1.57275
1.650625,1.725625
1.74325,1.699625
1.788,1.571
1.642875,1.679
1.678625,1.72
1.790125,1.588375
1.6655,1.65175
1.617625,1.64125
1.780125,1.65075
1.744,1.70425
1.6295,1.779625
1.734625,1.647375
1.731625,1.572375
1.602875,1.731
1.721625,1.659875
1.7455,1.56325
1.617375,1.701125
1.699625,1.6848750000000001
1.7630000000000001,1.550375
1.6007500000000001,1.746375
1.678,1.7730000000000001
1.770375,1.580875
1.6263750000000001,1.6695
1.623625,1.667
1.745875,1.5745
1.6585,1.7165000000000001
1.624,1.760125
1.756625,1.623625
1.6772500000000001,1.658125
1.57575,1.733125
1.739,1.630875
1.7028750000000001,1.5835000000000001
1.565625,1.690375
1.713375,1.64325
1.72625,1.711375
1.604,1.79075
1.70025,1.60725
1.725375,1.584125
1.581375,1.73825
1.679375,1.6745
1.733125,1.554125
1.576,1.72425
1.6476250000000001,1.734625
1.748,1.608625
1.6035,1.701
1.586,1.724875
1.710625,1.54575
1.616125,1.6560000000000001
1.572625,1.7493750000000001
1.688375,1.58275
1.632125,1.6187500000000001
1.5582500000000001,1.7790000000000001
1.7,1.689375
1.659875,1.6632500000000001
1.563625,1.741875
1.689,1.613875
1.6748750000000001,1.598125
1.54275,1.744875
1.6735,1.687625
1.682375,1.6445
1.5575,1.7553750000000001
1.680375,1.637375
1.684625,1.53275
1.5402500000000001,1.76375
1.663875,1.719125
1.722625,1.58625
1.56275,1.68825
1.6095,1.6576250000000001
1.71275,1.57625
1.588125,1.73625
1.614625,1.732
1.71225,1.5825
1.57525,1.715375
1.589375,1.723625
1.7217500000000001,1.574375
1.60375,1.63225
1.548875,1.70875
1.71025,1.6265
1.6596250000000001,1.6875
1.571375,1.7593750000000001
1.6875,1.60925
1.6636250000000001,1.6267500000000001
1.561625,1.7673750000000001
1.681875,1.639
1.683125,1.57425
1.54675,1.70675
1.647,1.658625
1.711,1.605875
1.578125,1.76575
1.6143750000000001,1.6945000000000001
1.703625,1.528375
1.597375,1.69725
1.57925,1.706625
1.69975,1.56825
1.63425,1.69825
1.584,1.816
1.708625,1.64425
1.660875,1.580625
1.532875,1.738625
1.659125,1.692625
1.700625,1.58725
1.556125,1.737125
1.650375,1.67825
1.69775,1.539125
1.5366250000000001,1.673
1.626125,1.72825
1.738875,1.624
1.582625,1.69575
1.599,1.7205000000000001
1.72825,1.5967500000000001
1.594375,1.705625
1.5725,1.722
1.70675,1.566875
1.632625,1.65775
1.56925,1.755875
1.693125,1.6135
1.651875,1.63325
1.548875,1.804
1.68,1.682625
1.6988750000000001,1.57875
1.547375,1.732625
1.641875,1.685375
1.72875,1.5815000000000001
1.57125,1.709375
1.59525,1.70875
1.71225,1.556375
1.579375,1.665875
1.582375,1.77425
1.71625,1.62975
1.613,1.683
1.5645,1.763125
1.705375,1.65825
1.624125,1.667875
1.560125,1.748375
1.7145000000000001,1.623
1.6685,1.614125
1.547125,1.8158750000000001
1.687125,1.707125
1.662625,1.624625
1.551625,1.734375
1.685,1.663
1.702125,1.627125
1.559625,1.771625
1.663875,1.6808750000000001
1.711375,1.5778750000000001
1.550125,1.713125
1.6235,1.655375
1.7095,1.598
1.591625,1.77725
1.60525,1.7755
1.716,1.586
1.596875,1.6985000000000001
1.584875,1.7395
1.717125,1.604875
1.6247500000000001,1.68575
1.57425,1.7653750000000001
1.7125000000000001,1.658875
1.67975,1.6335
1.56125,1.7205000000000001
1.6685,1.668875
1.70175,1.6443750000000001
1.56725,1.726875
1.645,1.675
1.7201250000000001,1.5955000000000001
1.592625,1.73275
1.609875,1.7595
1.72725,1.604875
1.6295,1.689875
1.580375,1.774
1.724625,1.630875
1.670375,1.62175
1.546,1.77275
1.681,1.675875
1.714625,1.574625
1.560875,1.71325
1.644875,1.7265000000000001
1.721125,1.605375
1.576625,1.713125
1.597875,1.726875
1.726875,1.60125
1.633375,1.699875
1.57075,1.7673750000000001
1.713125,1.6295
1.65825,1.632125
1.556375,1.77825
1.703625,1.68275
1.7155,1.62825
1.564375,1.77475
1.644875,1.6888750000000001
1.711625,1.550125
1.586375,1.7241250000000001
1.611875,1.749125
1.725125,1.607
1.6323750000000001,1.694125
1.586125,1.7595
1.721125,1.6011250000000001
1.6756250000000001,1.6625
1.564,1.821125
1.685125,1.7041250000000001
1.71625,1.6115
1.570625,1.733125
1.648375,1.6725
1.71,1.582125
1.59375,1.762875
1.622875,1.7175
1.717125,1.5838750000000001
1.62225,1.748375
1.607625,1.7417500000000001
1.7125000000000001,1.6
1.631375,1.70275
1.595875,1.804
1.72875,1.6676250000000001
1.6480000000000001,1.6795
1.5642500000000001,1.74875
1.697875,1.641
1.6788750000000001,1.63925
1.5455,1.77375
1.660625,1.6825
1.67275,1.59625
1.51925,1.7610000000000001
1.6260000000000001,1.70325
1.683,1.585875
1.529625,1.762125
1.584875,1.772375
1.6805,1.58675
1.525875,1.687625
1.5518750000000001,1.7633750000000001
1.682625,1.639375
1.56775,1.719375
1.530875,1.79325
1.6665,1.65025
1.594125,1.64775
1.533125,1.755875
1.7135,1.65375
1.64875,1.700125
1.555,1.78125
1.69025,1.649125
1.6632500000000001,1.650625
1.556625,1.7655
1.68425,1.6443750000000001
1.708375,1.6185
1.58,1.790375
1.665875,1.7205000000000001
1.726375,1.611375
1.584,1.7421250000000001
1.6380000000000001,1.70525
1.741875,1.583
1.610875,1.712375
1.6047500000000001,1.739875
1.75475,1.6127500000000001
1.675375,1.721375
1.6285,1.773125
1.752375,1.6227500000000001
1.69025,1.6595
1.595625,1.77175
1.744,1.632125
1.702625,1.645375
1.6131250000000001,1.748375
1.747125,1.584625
1.71075,1.6705
1.614,1.8075
1.745,1.655125
1.729375,1.628125
1.6035,1.77575
1.7241250000000001,1.6672500000000001
1.76,1.563625
1.617875,1.724625
1.683375,1.71725
1.76125,1.5798750000000001
1.6285,1.69475
1.661125,1.708
1.782125,1.612
1.66375,1.70525
1.623125,1.72025
1.75325,1.557375
1.69825,1.643
1.6183750000000001,1.806875
1.729625,1.6400000000000001
1.720625,1.60725
1.591625,1.77875
1.718375,1.6872500000000001
1.749125,1.57975
1.5935000000000001,1.719
1.715125,1.621375
1.741875,1.66775
1.6031250000000001,1.791875
1.713125,1.66375
1.7553750000000001,1.548125
1.59275,1.728375
1.6645,1.735
1.7725,1.564375
1.6185,1.7081250000000001
1.6440000000000001,1.7265000000000001
1.762875,1.580625
1.650625,1.676375
1.617375,1.7377500000000001
1.7615,1.586875
1.6875,1.671
1.61375,1.790875
1.7610000000000001,1.6345
1.715125,1.594625
1.595375,1.745125
1.7265000000000001,1.65575
1.7405,1.592875
1.592125,1.7257500000000001
1.70325,1.64775
1.7510000000000001,1.557125
1.598875,1.76425
1.716,1.688625
1.7613750000000001,1.57125
1.600875,1.708
1.65675,1.6625
1.7533750000000001,1.5698750000000001
1.6280000000000001,1.73275
1.651,1.7261250000000001
1.758625,1.559625
1.61575,1.6948750000000001
1.6135,1.714
1.758125,1.58025
1.669875,1.678625
1.6085,1.7610000000000001
1.742875,1.63125
1.684125,1.633375
1.577375,1.73925
1.7325,1.644125
1.725125,1.613875
1.579375,1.73725
1.697125,1.6456250000000001
1.7355,1.57475
1.5891250000000001,1.723375
1.687125,1.6516250000000001
1.74475,1.55525
1.58275,1.764375
1.695,1.685125
1.758875,1.5775000000000001
1.599375,1.732625
1.65525,1.671375
1.740875,1.529875
1.596875,1.730625
1.675125,1.716625
1.7593750000000001,1.552625
1.589375,1.672625
1.6420000000000001,1.74325
1.779125,1.60425
1.664375,1.6745
1.611875,1.7221250000000001
1.7373750000000001,1.5665
1.669375,1.6125
1.5965,1.737
1.73525,1.623625
1.71775,1.585625
1.591625,1.742875
1.7041250000000001,1.67875
1.7553750000000001,1.55925
1.607375,1.695
1.6456250000000001,1.6945000000000001
1.7493750000000001,1.562125
1.629625,1.664875
1.6071250000000001,1.690625
1.7473750000000001,1.598875
1.682625,1.669
1.59225,1.739125
1.726875,1.617
1.719,1.61225
1.5925,1.757125
1.704625,1.670625
1.7457500000000001,1.5585
1.6065,1.70125
1.6536250000000001,1.701125
1.75475,1.545875
1.639875,1.6423750000000001
1.61175,1.727625
1.75425,1.602625
1.681625,1.648875
1.58925,1.7413750000000001
1.72725,1.6085
1.71625,1.569
1.58375,1.73025
1.697625,1.6463750000000001
1.74525,1.5635000000000001
1.599,1.73225
1.647875,1.70425
1.724375,1.528
1.597375,1.753875
1.70075,1.7175
1.7465,1.5515
1.5955000000000001,1.68275
1.63625,1.709125
1.755625,1.5578750000000001
1.639875,1.63975
1.596,1.73475
1.72675,1.612
1.6835,1.639
1.588625,1.733125
1.734875,1.586125
1.6995,1.5695000000000001
1.5795000000000001,1.7673750000000001
1.722625,1.64875
1.704,1.59225
1.5811250000000001,1.721375
1.7035,1.6416250000000001
1.744,1.589
1.5945,1.721875
1.676375,1.616
1.73475,1.588625
1.602375,1.764875
1.681875,1.681
1.750375,1.548875
1.573,1.7145000000000001
1.6636250000000001,1.66825
1.7437500000000001,1.555375
1.6025,1.688375
1.627125,1.66875
1.7415,1.55275
1.640875,1.685875
1.61575,1.733
1.74075,1.588375
1.65325,1.634625
1.585875,1.728875
1.7337500000000001,1.6045
1.6945000000000001,1.608375
1.572375,1.7375
1.701,1.650625
1.704625,1.624125
1.58775,1.74325
1.698375,1.622
1.712875,1.57425
1.582,1.733
1.685625,1.63625
1.721375,1.53025
1.58875,1.7075
1.658375,1.700625
1.743625,1.5395
1.58625,1.6765
1.6325,1.7041250000000001
1.749,1.5558750000000001
1.60925,1.6712500000000001
1.5915000000000001,1.72
1.7415,1.57675
1.6485,1.639625
1.5975000000000001,1.69625
1.7215,1.54
1.658375,1.662625
1.6155,1.77275
1.74325,1.6055
1.647375,1.64825
1.5838750000000001,1.729375
1.73075,1.57175
1.651,1.650625
1.58975,1.744125
1.731125,1.6103750000000001
1.644625,1.6460000000000001
1.587,1.721
1.7215,1.568625
1.67225,1.6307500000000001
1.59775,1.76575
1.724875,1.6135
1.695875,1.583625
1.564875,1.704375
1.693875,1.6383750000000001
1.735875,1.603
1.59625,1.734625
1.6808750000000001,1.65975
1.74025,1.52975
1.58675,1.666875
1.625125,1.7041250000000001
1.75425,1.5738750000000001
1.641125,1.665375
1.6027500000000001,1.697625
1.741,1.57475
1.667375,1.636875
1.577375,1.7465
1.722625,1.626125
1.7205000000000001,1.563625
1.584125,1.68375
1.684,1.65075
1.73725,1.596875
1.592375,1.717
1.661,1.68075
1.737625,1.56325
1.5985,1.687125
1.633125,1.715
1.7485,1.5482500000000001
1.619375,1.662875
1.60175,1.732375
1.742,1.591875
1.67225,1.639125
1.594125,1.7493750000000001
1.731125,1.585375
1.695,1.584875
1.58525,1.7862500000000001
1.712,1.6725
1.731125,1.559125
1.578375,1.71575
1.679125,1.686125
1.7553750000000001,1.56725
1.597375,1.67475
1.62625,1.680375
1.7517500000000001,1.57
1.64675,1.6672500000000001
1.59925,1.7165000000000001
1.732375,1.59175
1.6748750000000001,1.6345
1.589625,1.739875
1.732875,1.612
1.72275,1.5798750000000001
1.582625,1.73825
1.726,1.6107500000000001
1.692375,1.58475
1.589875,1.717375
1.71075,1.622625
1.7315,1.5915000000000001
1.582375,1.765625
1.689125,1.682625
1.737625,1.547
1.5865,1.6872500000000001
1.665125,1.684125
1.750875,1.5615
1.593625,1.70925
1.6420000000000001,1.69625
1.744625,1.552875
1.616875,1.6756250000000001
1.608375,1.723
1.7465,1.564875
1.67375,1.638625
1.598125,1.7810000000000001
1.733,1.62125
1.70275,1.57225
1.571125,1.69275
1.69425,1.6131250000000001
1.728,1.604375
1.5935000000000001,1.758875
1.6788750000000001,1.685125
1.745,1.545625
1.586875,1.67575
1.636625,1.684625
1.74825,1.558625
1.630625,1.667875
1.604875,1.73075
1.741875,1.5885
1.6735,1.62125
1.58175,1.73225
1.715125,1.592625
1.7135,1.5738750000000001
1.58175,1.74075
1.67975,1.678375
1.726625,1.5602500000000001
1.600375,1.697125
1.647125,1.6865
1.7577500000000001,1.53125
1.63875,1.63675
1.5875000000000001,1.754375
1.743875,1.6175
1.691,1.61175
1.575625,1.712
1.7121250000000001,1.630125
1.7355,1.6025
1.59825,1.729625
1.732375,1.6203750000000001
1.70525,1.6123750000000001
1.5811250000000001,1.7415
1.70225,1.641
1.7385,1.551125
1.5805,1.708375
1.662875,1.693125
1.7595,1.5455
1.6151250000000001,1.651125
1.601,1.72725
1.752125,1.604875
1.682625,1.6340000000000001
1.592375,1.739125
1.7335,1.62925
1.717875,1.57475
1.561625,1.683625
1.67225,1.656625
1.7570000000000001,1.570625
1.620875,1.699125
1.650875,1.670625
1.741125,1.5535
1.62925,1.670875
1.605875,1.72075
1.74425,1.59025
1.617375,1.69825
1.648125,1.695125
1.74675,1.5485
1.6300000000000001,1.6716250000000001
1.61775,1.73225
1.7485,1.592
1.664375,1.634125
1.592875,1.7181250000000001
1.7457500000000001,1.58175
1.703625,1.6027500000000001
1.585375,1.7550000000000001
1.721875,1.649375
1.7373750000000001,1.57975
1.58875,1.7345
1.689125,1.664625
1.758125,1.55525
1.608375,1.7
1.63625,1.71
1.75325,1.5522500000000001
1.644875,1.657375
1.616125,1.742625
1.7533750000000001,1.583375
1.681625,1.6011250000000001
1.5805,1.742625
1.730625,1.6165
1.729875,1.587
1.59025,1.75125
1.700375,1.654125
1.733625,1.540375
1.58775,1.705
1.663875,1.6892500000000001
1.7485,1.555
1.602375,1.703875
1.6245,1.711125
1.74825,1.564875
1.650625,1.6345
1.589,1.7105000000000001
1.733625,1.6065
1.698125,1.6360000000000001
1.586875,1.738375
1.70925,1.607
1.719875,1.55725
1.5831250000000001,1.733625
1.6845,1.668875
1.7453750000000001,1.53725
1.59825,1.6875
1.63675,1.720375
1.7475,1.56775
1.6360000000000001,1.662375
1.61925,1.7205000000000001
1.756625,1.55925
1.651375,1.60575
1.584,1.749625
1.746375,1.63125
1.72425,1.617
1.588875,1.7257500000000001
1.711,1.6303750000000001
1.720625,1.5818750000000001
1.583375,1.7325
1.68875,1.661375
1.737625,1.560875
1.586125,1.701625
1.650375,1.65975
1.750875,1.549375
1.621375,1.713125
1.6207500000000001,1.7215
1.74875,1.552625
1.67225,1.6395
1.607375,1.745125
1.737125,1.6045
1.70225,1.5811250000000001
1.585,1.720875
1.712625,1.632125
1.740375,1.544125
1.58475,1.687125
1.658125,1.663125
1.746,1.566625
1.627875,1.6965000000000001
1.644875,1.715375
1.752,1.563625
1.64675,1.6400000000000001
1.602125,1.738625
1.741,1.6143750000000001
1.70525,1.5855000000000001
1.592375,1.716
1.717125,1.634625
1.746375,1.5555
1.588375,1.700375
1.669375,1.684625
1.758625,1.564
1.629125,1.707875
1.627625,1.721375
1.75125,1.566625
1.6676250000000001,1.6263750000000001
1.592125,1.70275
1.73475,1.609875
1.718625,1.63825
1.599875,1.774
1.71775,1.652625
1.7417500000000001,1.5442500000000001
1.596875,1.7035
1.685125,1.680125
1.761875,1.5595
1.6183750000000001,1.676125
1.634875,1.699125
1.76375,1.5785
1.6655,1.6640000000000001
1.607625,1.7221250000000001
1.74525,1.5945
1.6948750000000001,1.60725
1.586,1.74425
1.7321250000000001,1.6555
1.75725,1.594375
1.60125,1.731375
1.6788750000000001,1.6615
1.744875,1.5375
1.614625,1.695625
1.649125,1.721
1.7695,1.571125
1.65225,1.64225
1.607,1.7301250000000001
1.751625,1.587625
1.699625,1.64125
1.6095,1.7790000000000001
1.738375,1.6605
1.7373750000000001,1.566125
1.5745,1.693
1.6895,1.681625
1.756,1.568375
1.598625,1.703875
1.657125,1.6825
1.758125,1.546
1.637625,1.685625
1.63525,1.72825
1.757125,1.58225
1.668375,1.629375
1.59625,1.72
1.7275,1.62325
1.7015,1.622
1.5905,1.76575
1.7121250000000001,1.644875
1.742,1.555125
1.596875,1.727125
1.674625,1.69025
1.7515,1.536375
1.6105,1.67175
1.629,1.719125
1.7477500000000001,1.58225
1.654125,1.66225
1.607375,1.735125
1.743125,1.5685
1.68875,1.5831250000000001
1.595875,1.78075
1.734625,1.661125
1.7385,1.567
1.59275,1.7261250000000001
1.68275,1.6655
1.74625,1.536125
1.60925,1.69875
1.63975,1.728625
1.754375,1.5665
1.64775,1.643125
1.576125,1.7237500000000001
1.71225,1.5967500000000001
1.663,1.564875
1.52675,1.69475
1.65775,1.69
1.71525,1.622625
1.563,1.73
1.5947500000000001,1.686625
1.679125,1.5625
1.565,1.694125
1.5622500000000001,1.72225
1.687625,1.6025
1.606625,1.650375
1.513625,1.72325
1.652625,1.5975000000000001
1.6360000000000001,1.575375
1.532,1.727
1.666,1.675875
1.687875,1.4875
1.539,1.72625
1.624125,1.7597500000000001
1.72425,1.597625
1.60375,1.6456250000000001
1.59825,1.7185000000000001
1.7335,1.5495
1.6085,1.558875
1.5815000000000001,1.813625
1.76475,1.699875
1.697,1.610875
1.5645,1.660125
1.691125,1.595375
1.7361250000000001,1.632875
1.599625,1.723125
1.718375,1.560125
1.699375,1.586375
1.591375,1.802875
1.714875,1.6225
1.7135,1.443
1.5791250000000001,1.7375
1.70575,1.60375
1.736375,1.506375
1.594875,1.735
1.71675,1.684125
1.7815,1.530125
1.614625,1.6892500000000001
1.683875,1.6635
1.75675,1.455375
1.60325,1.677375
1.6415,1.72325
1.797125,1.601875
1.6748750000000001,1.5735000000000001
1.601,1.54175
1.749125,1.650375
1.671375,1.58125
1.600375,1.5255
1.75525,1.532875
1.703125,1.705375
1.5595,1.660875
1.72725,1.730375
1.7615,1.629375
1.6071250000000001,1.4112500000000001
1.679125,1.623625
1.753875,1.689
1.60975,1.72325
1.711875,1.4797500000000001
1.749875,1.60775
1.605375,1.650875
1.600625,1.618125
1.79875,1.6015
1.675125,1.533125
1.622875,1.67575
1.7425,1.6415
1.68475,1.7088750000000001
1.6343750000000001,1.702125
1.752375,1.375375
1.56975,1.332125
1.5446250000000001,1.7237500000000001
1.7693750000000001,1.5545
1.745875,1.8895
1.657,1.7998750000000001
1.618,1.414625
1.717875,1.4897500000000001
1.6267500000000001,1.5945
1.7557500000000001,1.805125
1.726,1.231875
1.4415,1.787875
1.6385,1.576625
1.8002500000000001,1.571625
1.6320000000000001,1.8255000000000001
1.71725,1.676375
1.711625,1.4945
1.606125,1.5562500000000001
1.63875,1.41275
1.78125,1.919875
1.6796250000000001,1.77175
1.5185,1.45925
1.721125,1.625375
1.718,1.746625
1.614125,1.242375
1.6745,1.57075
1.6935,1.9881250000000001
1.6303750000000001,1.694625
1.72425,1.4505000000000001
1.707,1.703
1.62925,1.904625
1.7217500000000001,1.56975
1.63725,1.555
1.6115,1.58225
1.5825,1.524875
1.74625,1.8703750000000001
1.7355,1.73625
1.6011250000000001,1.5442500000000001
1.7353750000000001,1.8405
1.645375,1.369125
1.60125,1.694375
1.7986250000000001,1.82525
1.5738750000000001,1.639
1.67975,1.788
1.799,1.496
1.547,1.65325
1.6928750000000001,1.8318750000000001
1.746125,1.352
1.582125,1.7965
1.6736250000000001,1.928125
1.7345,1.497875
1.6167500000000001,1.61025
1.616625,1.8655
1.72125,1.588
1.70725,1.5345
1.6425,1.832625
1.7465,1.510125
1.580875,1.676125
1.606625,2.05575
1.816625,1.50875
1.681375,1.71025
1.652625,1.826125
1.5033750000000001,1.209875
1.723375,1.6815
1.8338750000000001,1.72825
1.56475,1.7495
1.696,1.722625
1.7886250000000001,1.52725
1.574125,1.7048750000000001
1.652125,1.803375
1.75075,1.542125
1.59725,1.752
1.773625,1.90975
1.875375,1.7633750000000001
1.5785,1.566
1.558,1.729125
1.8025,1.4232500000000001
1.610125,1.77175
1.684375,1.856875
1.71075,1.64475
1.681125,1.85125
1.75825,1.8565
1.696625,1.60975
1.68775,1.777625
1.6728750000000001,1.5951250000000001
1.566,1.6475
1.7301250000000001,1.911375
1.779375,1.851875
1.655,1.4937500000000001
1.65225,1.7573750000000001
1.684,1.599375
1.652125,1.5285
1.760375,1.861
1.7361250000000001,1.967625
1.6151250000000001,1.645375
1.7041250000000001,1.3683750000000001
1.76375,1.856375
1.54375,1.824375
1.647,1.8847500000000001
1.86375,1.6145
1.508875,1.5515
1.744625,1.9215
1.901875,1.5350000000000001
1.5478750000000001,1.88525
1.67875,1.979125
1.8965,1.4176250000000001
1.598625,1.410625
1.5105,1.865875
1.842125,1.37975
1.6300000000000001,1.729375
1.628125,2.196125
1.832625,1.9115
1.7385,1.523625
1.4935,1.4697500000000001
1.64125,1.538875
1.7525,1.5678750000000001
1.57175,1.555625
1.5598750000000001,2.0608750000000002
1.758625,1.983875
1.7335,1.83025
1.5362500000000001,1.694375
1.583,1.192
1.599625,1.4977500000000001
1.5195,2.238125
1.8135000000000001,2.034625
1.77375,1.579375
1.5502500000000001,1.60575
1.5738750000000001,1.473
1.603,1.87025
1.66975,1.75075
1.63525,1.374625
1.7,1.618125
1.7357500000000001,2.01175
1.622625,1.78
1.5685,1.639625
1.791375,1.76075
1.7575,1.879375
1.662625,1.6625
1.676625,1.7665
1.62125,1.918875
1.645,1.062625
1.4935,1.17175
1.654875,2.42
1.7690000000000001,2.2015000000000002
1.7255,1.6085
1.73,1.57225
1.7593750000000001,1.81675
1.7105000000000001,1.62525
1.631625,1.879
1.6888750000000001,1.7237500000000001
1.808,1.514375
1.685625,1.456375
1.443,1.719125
1.72225,1.953625
1.845375,1.769625
1.55725,1.66225
1.664125,1.874625
1.867,1.83225
1.6655,1.85725
1.7373750000000001,1.692
1.738375,1.66025
1.562,1.29375
1.52075,1.383875
1.7995,2.044625
1.7615,1.791125
1.619375,1.64525
1.735875,1.834625
1.701,1.879625
1.771625,1.6852500000000001
1.719875,1.64225
1.594875,1.7510000000000001
1.743,1.668875
1.7906250000000001,1.725625
1.5835000000000001,1.834875
1.691,1.693125
1.76,1.6151250000000001
1.578625,1.686625
1.6945000000000001,1.707875
1.779875,1.660125
1.61125,1.7493750000000001
1.6403750000000001,1.51275
1.704625,1.38525
1.637375,1.8725
1.65025,1.902875
1.76775,1.608875
1.639125,1.606
1.565375,1.7225000000000001
1.732875,1.6315
1.7041250000000001,1.6695
1.47725,1.774125
1.596625,1.543375
1.699875,1.6105
1.7225000000000001,1.73925
1.7850000000000001,1.6265
1.66975,1.5465
1.5395,1.728
1.70525,1.684625
1.727875,1.572875
1.5685,1.7297500000000001
1.6592500000000001,1.668625
1.72225,1.473875
1.55525,1.666625
1.606875,1.8285
1.778875,1.635
1.654875,1.64325
1.562625,1.70325
1.687,1.59425
1.647375,1.584625
1.573375,1.78125
1.762125,1.631875
1.740375,1.555625
1.456625,1.6195
1.640875,1.6203750000000001
1.812375,1.6340000000000001
1.584125,1.7477500000000001
1.6725,1.59575
1.692,1.56875
1.551375,1.699875
1.575,1.610875
1.6928750000000001,1.557375
1.6652500000000001,1.669875
1.6500000000000001,1.592125
1.683875,1.55525
1.606625,1.726625
1.62925,1.722
1.752375,1.5578750000000001
1.65275,1.63425
1.57875,1.707875
1.7125000000000001,1.569
1.704375,1.600625
1.58175,1.715125
1.695,1.598125
1.69925,1.527625
1.568625,1.692125
1.6765,1.63375
1.717625,1.516125
1.54125,1.664125
1.612875,1.65875
1.7393750000000001,1.56925
1.576375,1.7045000000000001
1.6535,1.6555
1.69975,1.543375
1.572625,1.6465
1.660125,1.559625
1.728,1.586
1.5951250000000001,1.747
1.6355,1.67825
1.720375,1.4957500000000001
1.6,1.6383750000000001
1.586875,1.70975
1.717875,1.56725
1.624625,1.602875
1.5725,1.701125
1.7141250000000001,1.54075
1.6225,1.585
1.57125,1.7925
1.74075,1.634625
1.705375,1.5495
1.5558750000000001,1.6915
1.67675,1.61025
1.703,1.5402500000000001
1.556875,1.6988750000000001
1.6580000000000001,1.617875
1.7105000000000001,1.460375
1.553375,1.655875
1.646625,1.667875
1.720375,1.5545
1.5505,1.68975
1.6185,1.669125
1.729125,1.533875
1.589875,1.655
1.6111250000000001,1.67625
1.72425,1.5326250000000001
1.594,1.627125
1.59425,1.64825
1.7261250000000001,1.5125
1.63175,1.603875
1.569625,1.696
1.711625,1.528875
1.678375,1.591875
1.5835000000000001,1.727625
1.70425,1.596
1.69425,1.5478750000000001
1.553125,1.689125
1.69875,1.58775
1.72075,1.53925
1.56475,1.69775
1.669875,1.6105
1.711625,1.476625
1.5662500000000001,1.6988750000000001
1.713875,1.623375
1.702125,1.58875
1.57225,1.712
1.674,1.610875
1.70275,1.48475
1.563125,1.6385
1.633375,1.65875
1.735875,1.524875
1.61175,1.6520000000000001
1.596,1.7125000000000001
1.716,1.551375
1.649875,1.561375
1.5905,1.73225
1.72475,1.60925
1.702,1.53025
1.556125,1.67675
1.670125,1.619875
1.730375,1.498625
1.581375,1.658375
1.633625,1.66075
1.7455,1.51725
1.629375,1.636625
1.602,1.6905000000000001
1.722375,1.533625
1.605375,1.677875
1.633125,1.687625
1.7435,1.50125
1.635625,1.614625
1.5985,1.740625
1.73125,1.59925
1.69175,1.58375
1.58625,1.6965000000000001
1.713375,1.59575
1.7305,1.5310000000000001
1.57825,1.68175
1.65825,1.65225
1.745125,1.543875
1.615375,1.65225
1.611625,1.674625
1.73325,1.536375
1.64525,1.59725
1.59175,1.707875
1.744125,1.598125
1.682375,1.628125
1.586,1.72225
1.71675,1.576375
1.69425,1.542125
1.586375,1.728
1.715375,1.639625
1.72925,1.551125
1.5695000000000001,1.718875
1.713875,1.627625
1.747125,1.554125
1.591625,1.6995
1.668875,1.647375
1.7457500000000001,1.5575
1.6175,1.69775
1.65325,1.661
1.748875,1.5090000000000001
1.621625,1.6520000000000001
1.655375,1.682125
1.760875,1.564125
1.640625,1.677875
1.6223750000000001,1.686375
1.7353750000000001,1.5525
1.653875,1.6465
1.605,1.727875
1.746375,1.595625
1.6772500000000001,1.600125
1.58125,1.7141250000000001
1.72825,1.618125
1.729625,1.57825
1.594125,1.732625
1.7115,1.6420000000000001
1.74425,1.565125
1.582625,1.704375
1.669125,1.654625
1.7385,1.54525
1.602375,1.702375
1.645375,1.6995
1.749875,1.54975
1.607,1.6340000000000001
1.616,1.747
1.77125,1.610875
1.6745,1.647
1.586,1.7297500000000001
1.7325,1.613625
1.705625,1.627625
1.5725,1.74875
1.70725,1.6151250000000001
1.73675,1.543375
1.58625,1.72025
1.691125,1.665125
1.7505,1.558
1.598375,1.710625
1.658125,1.707125
1.76225,1.570625
1.627375,1.6792500000000001
1.6247500000000001,1.68575
1.743875,1.574125
1.65325,1.703875
1.617,1.748625
1.7550000000000001,1.611
1.6915,1.638125
1.58225,1.741125
1.725875,1.630625
1.7125000000000001,1.623125
1.5775000000000001,1.7401250000000001
1.725125,1.627125
1.73275,1.6007500000000001
1.570125,1.731625
1.7048750000000001,1.672375
1.75925,1.61225
1.59275,1.7397500000000001
1.68825,1.660375
1.748375,1.5558750000000001
1.5951250000000001,1.722
1.669125,1.70225
1.7485,1.583625
1.6263750000000001,1.70075
1.62925,1.730375
1.7530000000000001,1.59575
1.673125,1.6908750000000001
1.6185,1.749
1.737125,1.602875
1.654625,1.66625
1.602375,1.7377500000000001
1.74825,1.61175
1.702,1.6127500000000001
1.6011250000000001,1.7725
1.736,1.66975
1.7165000000000001,1.596
1.570125,1.7275
1.6965000000000001,1.66825
1.721375,1.602875
1.5605,1.73475
1.6565,1.662375
1.728375,1.587
1.57325,1.75025
1.6440000000000001,1.7075
1.741125,1.537625
1.606,1.68975
1.63375,1.727125
1.745875,1.59625
1.606875,1.688125
1.617,1.7161250000000001
1.746375,1.577375
1.634875,1.68575
1.60625,1.7535
1.751875,1.6007500000000001
1.657125,1.66975
1.60225,1.7453750000000001
1.7373750000000001,1.5965
1.642625,1.636875
1.5945,1.7805
1.755125,1.664125
1.7121250000000001,1.6576250000000001
1.584625,1.746875
1.708375,1.6300000000000001
1.72125,1.60525
1.56825,1.755125
1.687125,1.656625
1.713875,1.6015
1.555625,1.75475
1.659875,1.65675
1.69925,1.569625
1.552375,1.74275
1.618625,1.713375
1.69875,1.592125
1.5498750000000001,1.739125
1.582375,1.721875
1.690625,1.5795000000000001
1.558375,1.708
1.566125,1.7455
1.6832500000000001,1.5975000000000001
1.57625,1.6895
1.551625,1.7630000000000001
1.70075,1.609875
1.6415,1.62925
1.53975,1.7453750000000001
1.672625,1.647875
1.691,1.627125
1.564375,1.7625
1.656625,1.676
1.717375,1.547
1.5885,1.6975
1.62425,1.727375
1.748375,1.588875
1.641375,1.67775
1.5975000000000001,1.736375
1.740875,1.59225
1.677875,1.601
1.5798750000000001,1.745625
1.7317500000000001,1.66475
1.7417500000000001,1.597
1.601875,1.730625
1.694375,1.65875
1.7505,1.549125
1.6165,1.7205000000000001
1.665,1.70875
1.765625,1.561125
1.635125,1.68975
1.63825,1.733625
1.764375,1.5495
1.667875,1.616125
1.61025,1.76525
1.7597500000000001,1.64925
1.73275,1.60225
1.59725,1.7425
1.72875,1.66575
1.75475,1.5718750000000001
1.595,1.70025
1.674,1.686375
1.769875,1.57825
1.639625,1.70725
1.6445,1.727875
1.764625,1.57075
1.674125,1.6320000000000001
1.6051250000000001,1.712
1.748125,1.608875
1.730625,1.652625
1.6085,1.783375
1.717375,1.6625
1.7513750000000001,1.588875
1.5987500000000001,1.710375
1.67075,1.6672500000000001
1.7557500000000001,1.56475
1.619625,1.701125
1.632625,1.6888750000000001
1.748375,1.592875
1.6768750000000001,1.71325
1.6307500000000001,1.76725
1.7593750000000001,1.611
1.713125,1.619375
1.6005,1.7497500000000001
1.735875,1.6615
1.756375,1.57925
1.606,1.74025
1.7295,1.6365
1.743625,1.560625
1.598,1.7417500000000001
1.72425,1.68025
1.7666250000000001,1.5685
1.6287500000000001,1.737
1.6832500000000001,1.703625
1.77075,1.572625
1.643,1.7055
1.63375,1.718375
1.76675,1.5765
1.6888750000000001,1.6808750000000001
1.634625,1.752375
1.773125,1.582875
1.693,1.642875
1.613375,1.74925
1.754875,1.6215
1.71925,1.646125
1.5931250000000001,1.744125
1.735625,1.629375
1.729875,1.62375
1.5967500000000001,1.715
1.71925,1.639375
1.758,1.59575
1.61325,1.745125
1.6932500000000001,1.705375
1.768875,1.5698750000000001
1.635,1.7025000000000001
1.674,1.692375
1.7675,1.5542500000000001
1.6287500000000001,1.692625
1.6456250000000001,1.7215
1.7665,1.56725
1.62975,1.67425
1.6303750000000001,1.7205000000000001
1.7633750000000001,1.555375
1.633125,1.681125
1.618875,1.7735
1.770875,1.6235
1.662875,1.654625
1.61575,1.7281250000000001
1.7437500000000001,1.59275
1.70225,1.6245
1.615375,1.758125
1.735,1.65175
1.734,1.606
1.595,1.735625
1.70525,1.63575
1.74475,1.59525
1.619,1.750875
1.69925,1.697125
1.753125,1.552375
1.612875,1.692625
1.63825,1.7105000000000001
1.754375,1.570375
1.624125,1.710625
1.63925,1.746875
1.7746250000000001,1.584125
1.65075,1.6672500000000001
1.598125,1.70825
1.7325,1.564125
1.716375,1.6812500000000001
1.61975,1.7922500000000001
1.7465,1.635125
1.712375,1.607
1.592375,1.747875
1.7201250000000001,1.637875
1.739125,1.5758750000000001
1.60575,1.7295
1.68075,1.69225
1.75275,1.5522500000000001
1.620125,1.697875
1.637125,1.7201250000000001
1.761875,1.5855000000000001
1.64675,1.679375
1.606625,1.729625
1.750875,1.588625
1.6796250000000001,1.624
1.595875,1.778
1.743,1.6535
1.716375,1.63425
1.5798750000000001,1.764625
1.7125000000000001,1.61825
1.739625,1.591875
1.59225,1.75275
1.7008750000000001,1.6776250000000001
1.736,1.586625
1.573,1.723125
1.665375,1.637125
1.7555,1.568
1.6245,1.74725
1.669,1.685625
1.748875,1.5538750000000001
1.606625,1.703
1.635,1.700625
1.738,1.56275
1.62,1.70225
1.622875,1.744125
1.7477500000000001,1.599375
1.628625,1.695875
1.616,1.70425
1.71875,1.5785
1.6325,1.714875
1.621,1.747
1.7485,1.589
1.662125,1.6705
1.596375,1.734875
1.732,1.612
1.683625,1.656875
1.5945,1.7510000000000001
1.72625,1.619
1.71275,1.576125
1.56775,1.7413750000000001
1.692375,1.664625
1.739875,1.601375
1.58775,1.736375
1.66175,1.661875
1.721375,1.5386250000000001
1.6035,1.68875
1.62575,1.712625
1.735125,1.54975
1.6355,1.66175
1.597,1.78475
1.7425,1.638625
1.687,1.624125
1.585375,1.734875
1.71575,1.63525
1.7088750000000001,1.595375
1.56925,1.734375
1.678625,1.6505
1.724625,1.52475
1.59925,1.74075
1.65875,1.67575
1.716875,1.525875
1.625875,1.747875
1.6415,1.7675
1.7445,1.551
1.594125,1.68375
1.6075,1.71475
1.735625,1.577
1.6400000000000001,1.666375
1.598,1.741125
1.736875,1.599875
1.678625,1.610875
1.572125,1.74425
1.707875,1.637625
1.7305,1.58875
1.582625,1.740875
1.685625,1.6655
1.7341250000000001,1.55325
1.593375,1.7081250000000001
1.63525,1.702125
1.7475,1.5638750000000001
1.647875,1.65125
1.6027500000000001,1.723625
1.7297500000000001,1.608125
1.692125,1.656375
1.5975000000000001,1.766875
1.717625,1.6360000000000001
1.709,1.5725
1.57325,1.7405
1.7115,1.650625
1.715625,1.583
1.5778750000000001,1.709375
1.6828750000000001,1.6375
1.733,1.558375
1.593,1.714625
1.655,1.705875
1.74925,1.555375
1.621625,1.6825
1.613875,1.72925
1.753625,1.580125
1.66275,1.6203750000000001
1.59075,1.761625
1.739875,1.65425
1.713375,1.599625
1.59075,1.717625
1.707875,1.63425
1.737,1.552125
1.5955000000000001,1.71675
1.668375,1.705125
1.757625,1.5615
1.6205,1.6775
1.6155,1.705
1.740375,1.573375
1.668,1.66425
1.639875,1.711875
1.746125,1.5615
1.6476250000000001,1.660125
1.617375,1.720625
1.746125,1.604125
1.652625,1.6585
1.588375,1.7135
1.7401250000000001,1.6
1.693,1.633375
1.59175,1.7495
1.722,1.620625
1.7065000000000001,1.615625
1.58,1.76925
1.713875,1.6556250000000001
1.728625,1.57825
1.566875,1.706625
1.698125,1.6480000000000001
1.739125,1.6045
1.5825,1.739625
1.692625,1.6520000000000001
1.731625,1.555375
1.588625,1.728875
1.675875,1.689625
1.74325,1.579625
1.599375,1.71925
1.6480000000000001,1.6655
1.736625,1.5538750000000001
1.599625,1.73325
1.668625,1.7008750000000001
1.75425,1.55925
1.58725,1.699375
1.6460000000000001,1.6852500000000001
1.742,1.580875
1.601375,1.725
1.651,1.691625
1.736,1.55575
1.60425,1.672375
1.62425,1.691875
1.756625,1.58025
1.665375,1.684125
1.605625,1.7553750000000001
1.731,1.60925
1.6788750000000001,1.6572500000000001
1.6055,1.745125
1.743125,1.59175
1.678625,1.616875
1.579375,1.77325
1.73,1.650375
1.7105000000000001,1.622125
1.57875,1.74225
1.709125,1.6267500000000001
1.705625,1.568375
1.572125,1.729625
1.696125,1.6965000000000001
1.763125,1.579625
1.6035,1.71775
1.6355,1.705375
1.73525,1.556
1.625125,1.691125
1.6323750000000001,1.7275
1.747125,1.574
1.650625,1.634125
1.58225,1.708375
1.73325,1.6436250000000001
1.704625,1.658625
1.590625,1.758875
1.7195,1.627375
1.725125,1.5618750000000001
1.58625,1.734625
1.688125,1.672
1.7381250000000001,1.55075
1.5915000000000001,1.70825
1.6436250000000001,1.6985000000000001
1.746375,1.55925
1.6205,1.6748750000000001
1.656375,1.6792500000000001
1.746,1.54475
1.60625,1.68
1.6243750000000001,1.73875
1.75625,1.60375
1.650375,1.65525
1.597375,1.724
1.7385,1.61025
1.6975,1.664125
1.5945,1.764125
1.71775,1.6285
1.695875,1.594125
1.573,1.714625
1.6928750000000001,1.602875
1.72675,1.552
1.581,1.738
1.675125,1.701
1.751625,1.568625
1.604875,1.7125000000000001
1.633125,1.68775
1.75,1.539
1.6436250000000001,1.66975
1.6103750000000001,1.739125
1.7295,1.589875
1.64975,1.617125
1.598,1.7457500000000001
1.75675,1.6207500000000001
1.68775,1.639875
1.58675,1.70225
1.730625,1.615875
1.699375,1.67975
1.594625,1.750625
1.72725,1.589
1.6868750000000001,1.643
1.590375,1.777125
1.731,1.6187500000000001
1.709875,1.614
1.59075,1.7610000000000001
1.720375,1.640125
1.7225000000000001,1.585375
1.58675,1.749
1.6945000000000001,1.6715
1.747125,1.560375
1.6091250000000001,1.720875
1.674375,1.683
1.75825,1.568
1.620125,1.709875
1.63625,1.70425
1.756125,1.566875
1.66375,1.680625
1.655125,1.7201250000000001
1.750375,1.555125
1.637,1.6685
1.6151250000000001,1.758
1.749625,1.606875
1.6812500000000001,1.613625
1.573375,1.736375
1.7095,1.6147500000000001
1.707625,1.604875
1.5865,1.7453750000000001
1.7041250000000001,1.661875
1.73625,1.546125
1.5835000000000001,1.6925000000000001
1.655375,1.69425
1.762375,1.578375
1.631,1.691125
1.6027500000000001,1.71075
1.7375,1.60125
1.6716250000000001,1.67075
1.601625,1.7453750000000001
1.735125,1.5971250000000001
1.68575,1.574625
1.57,1.7513750000000001
1.716,1.68
1.748625,1.588875
1.592125,1.720625
1.651125,1.662125
1.734,1.557125
1.61925,1.7068750000000001
1.62775,1.7185000000000001
1.743125,1.571625
1.634875,1.659125
1.5765,1.734
1.715125,1.61025
1.7075,1.629125
1.591,1.76675
1.699625,1.6695
1.726,1.56525
1.579,1.70925
1.63625,1.694625
1.739625,1.558
1.614875,1.6745
1.5947500000000001,1.72625
1.7345,1.560625
1.659125,1.6143750000000001
1.572,1.764875
1.7261250000000001,1.657875
1.722625,1.59575
1.575375,1.73475
1.6685,1.6655
1.7301250000000001,1.557625
1.600625,1.697
1.6345,1.693
1.74525,1.556625
1.63225,1.68475
1.5967500000000001,1.762
1.741,1.602875
1.684125,1.612
1.579,1.746375
1.712875,1.62575
1.718875,1.566875
1.572125,1.733375
1.67075,1.686125
1.735875,1.560125
1.582625,1.688375
1.613375,1.690625
1.738375,1.5558750000000001
1.646875,1.691125
1.6011250000000001,1.756
1.729625,1.5745
1.6615,1.65425
1.60625,1.756375
1.736,1.610625
1.683,1.630625
1.575625,1.7475
1.7245000000000001,1.62825
1.71225,1.564
1.571125,1.727625
1.6788750000000001,1.639875
1.71925,1.549125
1.589875,1.753875
1.6732500000000001,1.70325
1.738375,1.546375
1.6005,1.6985000000000001
1.610875,1.740625
1.7375,1.5911250000000001
1.643375,1.663375
1.5865,1.737125
1.71125,1.606125
1.671375,1.6345
1.575,1.7437500000000001
1.7028750000000001,1.6185
1.707625,1.553125
1.567,1.7355
1.6665,1.705
1.7393750000000001,1.584625
1.596375,1.703375
1.623125,1.68225
1.71825,1.547375
1.63025,1.6805
1.608125,1.746375
1.7325,1.590375
1.65875,1.61975
1.5642500000000001,1.734625
1.71725,1.641125
1.711125,1.615375
1.5838750000000001,1.753625
1.690125,1.64975
1.70675,1.566125
1.566375,1.719
1.6572500000000001,1.654625
1.7377500000000001,1.5345
1.593,1.735625
1.619375,1.76625
1.7465,1.58975
1.660125,1.645375
1.594,1.72875
1.7221250000000001,1.61375
1.686125,1.6167500000000001
1.589625,1.752
1.727375,1.64175
1.71475,1.591625
1.5698750000000001,1.745875
1.688125,1.6656250000000001
1.754,1.573625
1.591625,1.764
1.7125000000000001,1.63675
1.730625,1.57225
1.586375,1.741875
1.683625,1.69225
1.742375,1.571
1.6,1.683625
1.6576250000000001,1.697125
1.762125,1.57875
1.656375,1.714625
1.62375,1.732625
1.7317500000000001,1.538
1.6516250000000001,1.599
1.6047500000000001,1.79675
1.7405,1.660375
1.69075,1.5851250000000001
1.548375,1.73525
1.660375,1.657875
1.7015,1.56325
1.55925,1.712
1.6275,1.666125
1.68575,1.527125
1.543,1.6796250000000001
1.585625,1.743125
1.704,1.5825
1.553,1.70675
1.574,1.695
1.6885000000000001,1.572375
1.585375,1.691375
1.545625,1.742875
1.6788750000000001,1.592125
1.624,1.6007500000000001
1.53525,1.743875
1.69025,1.6572500000000001
1.692,1.598125
1.554625,1.73725
1.6675,1.643875
1.7088750000000001,1.5246250000000001
1.567125,1.699125
1.63525,1.707625
1.733625,1.5602500000000001
1.610875,1.681875
1.602,1.7337500000000001
1.7395,1.59425
1.67025,1.637875
1.57725,1.6516250000000001
1.705,1.5851250000000001
1.7161250000000001,1.70075
1.613625,1.815125
1.7255,1.647
1.721125,1.565375
1.594,1.7281250000000001
1.7175,1.641
1.735625,1.572125
1.588625,1.731875
1.70175,1.6425
1.7415,1.55575
1.6067500000000001,1.728375
1.69675,1.67625
1.7565,1.552375
1.6267500000000001,1.692625
1.657125,1.696125
1.7666250000000001,1.537125
1.6425,1.66425
1.616125,1.772875
1.777125,1.6131250000000001
1.713125,1.6635
1.614,1.723625
1.74025,1.596125
1.71825,1.6435
1.627375,1.75925
1.748375,1.62425
1.7385,1.566375
1.593375,1.731625
1.699875,1.6696250000000001
1.7625,1.5705
1.614625,1.72025
1.6696250000000001,1.6912500000000001
1.753125,1.555375
1.635375,1.674375
1.637875,1.703375
1.7630000000000001,1.55325
1.669875,1.682125
1.624625,1.724625
1.7445,1.53525
1.7277500000000001,1.684125
1.639625,1.826
1.754,1.651
1.732,1.575
1.59625,1.727125
1.713125,1.6540000000000001
1.756375,1.5635000000000001
1.603,1.71825
1.664625,1.68875
1.753625,1.5465
1.562375,1.66875
1.5070000000000001,1.694
1.65125,1.5482500000000001
1.665,1.624875
1.661125,1.7337500000000001
1.710375,1.59225
1.533625,1.5335
1.51,1.7377500000000001
1.907875,1.699625
1.941625,1.598125
1.6283750000000001,1.6865
1.63425,1.602875
1.744,1.5625
1.664875,1.742625
1.613,1.7135
1.536125,1.518375
1.385125,1.625
1.562875,1.737
1.935375,1.605875
1.934125,1.6051250000000001
1.60425,1.694
1.5785,1.530375
1.57875,1.508875
1.453,1.800375
1.828875,1.74275
1.9272500000000001,1.558625
1.62375,1.681375
1.486,1.700375
1.591,1.5745
1.487625,1.62625
1.49275,1.6915
1.658625,1.554
1.32675,1.55725
1.334625,1.72275
1.9435,1.6705
2.0375,1.592
1.6011250000000001,1.685125
1.569125,1.578875
1.725,1.5791250000000001
1.63375,1.7945
1.736625,1.6848750000000001
1.72025,1.4841250000000001
1.4665000000000001,1.65275
1.575375,1.74425
1.779125,1.611875
1.591875,1.620625
1.431875,1.62525
1.54975,1.541625
1.575,1.629125
1.62,1.720875
1.95725,1.63225
1.698625,1.6031250000000001
1.294375,1.681
1.420875,1.521125
1.51825,1.537
1.698125,1.7615
1.691,1.522
1.43,1.49325
1.56525,1.711625
1.481,1.527375
1.418875,1.526125
1.209875,1.6195
1.4993750000000001,1.560375
1.713125,1.5035
1.754125,1.637625
1.570875,1.6520000000000001
1.598625,1.559
1.71275,1.68025
1.721125,1.73075
1.74075,1.55925
1.6765,1.64025
1.6151250000000001,1.69675
1.750625,1.5506250000000001
1.6167500000000001,1.63875
1.3763750000000001,1.7745
1.832125,1.6185
1.78875,1.576875
1.611375,1.75275
1.70475,1.627
1.5095,1.56325
1.579375,1.749125
2.011125,1.6632500000000001
1.754875,1.6215
1.5030000000000001,1.732
1.600875,1.598375
1.71525,1.557375
1.43575,1.73225
1.485,1.651125
1.76725,1.524
1.795125,1.71875
1.606625,1.6636250000000001
1.380875,1.5745
1.532125,1.697625
1.8725,1.7653750000000001
1.9425000000000001,1.615
1.8115,1.672
1.61425,1.71325
1.6695,1.61125
1.727,1.67775
1.545,1.73725
1.7101250000000001,1.598
1.7855,1.6440000000000001
1.643125,1.7435
1.5931250000000001,1.6260000000000001
1.496125,1.63375
1.75675,1.777375
1.775625,1.639625
1.54175,1.594375
1.617375,1.754125
1.7675,1.658375
1.47925,1.512375
1.296375,1.693375
1.433375,1.685125
1.7935,1.584875
1.93425,1.728
1.770875,1.70675
1.5745,1.60325
1.6425,1.721125
1.8545,1.6975
1.68075,1.5506250000000001
1.06075,1.71675
1.241,1.6855
1.7595,1.528375
1.70725,1.68475
1.525375,1.78475
1.439375,1.5895000000000001
1.77275,1.5947500000000001
1.66375,1.7225000000000001
1.245625,1.6085
1.595375,1.6505
1.8711250000000001,1.733375
1.465375,1.581
1.278125,1.63875
1.563375,1.740375
1.9555,1.623125
1.89025,1.60925
1.3687500000000001,1.802875
1.318625,1.62975
1.9705000000000001,1.508125
1.93675,1.77025
1.4935,1.66425
1.35925,1.5245
1.61975,1.78325
1.554,1.84575
1.757125,1.5135
1.585,1.6436250000000001
1.375375,1.715875
1.823,1.611375
1.63675,1.60775
1.1845,1.70425
1.59275,1.65525
1.721875,1.6025
1.808625,1.698
1.563625,1.6305
1.387875,1.6303750000000001
1.88175,1.76925
2.263875,1.66375
1.69025,1.612
1.044375,1.718
1.540875,1.58625
1.70025,1.63825
1.616875,1.7415
1.206625,1.698375
1.24,1.4541250000000001
1.853875,1.698625
1.575125,1.7125000000000001
1.5037500000000001,1.570375
1.656625,1.628625
1.59975,1.71325
1.693,1.529625
1.5315,1.5758750000000001
0.7292500000000001,1.6580000000000001
1.5971250000000001,1.604875
2.267125,1.623125
2.03075,1.722625
1.759875,1.5975000000000001
1.670125,1.5965
0.4225,1.779875
0.690125,1.740625
2.07175,1.572
2.00625,1.695
0.688625,1.388125
0.83575,1.3645
0.574375,1.736
2.128875,1.567375
2.65325,1.585875
1.343625,1.76725
1.00425,1.7028750000000001
1.106,1.5975000000000001
2.05825,1.68
1.584625,1.707875
1.4115,1.508375
2.035375,1.25425
1.481625,1.7535
0.292375,1.6227500000000001
1.1572500000000001,1.5133750000000001
2.063625,1.731875
2.06075,1.848375
1.57425,1.4877500000000001
1.143125,1.615375
1.5745,1.829625
1.892625,1.50475
1.6655,1.589875
1.614875,1.84625
1.6305,1.567125
1.351,1.6111250000000001
1.45575,1.7875
1.228,1.6495
1.2197500000000001,1.21825
1.1788750000000001,1.33475
2.171875,1.909375
2.576625,1.841625
2.123,1.9265
1.7655,1.6785
1.500625,1.405125
1.51675,1.632875
1.976,1.8625
2.204,1.69875
1.922,1.706625
1.826,1.798875
1.9615,1.66875
1.8158750000000001,1.554875
1.4176250000000001,1.70425
1.760125,1.6685
2.196375,1.652625
1.98475,1.7806250000000001
1.7425,1.6832500000000001
1.504375,1.50575
1.619125,1.62025
2.114,1.726375
2.102625,1.6165
1.7135,1.723
1.77275,1.795625
1.970625,1.586
1.868,1.6343750000000001
1.73225,1.80525
1.7986250000000001,1.68275
1.671,1.58875
1.624875,1.748375
2.0415,1.691375
2.144625,1.56525
1.818875,1.6285
1.70675,1.683125
1.8785,1.60525
1.8695,1.705625
1.8162500000000001,1.747625
1.901,1.629875
1.762375,1.6540000000000001
1.62775,1.8042500000000001
1.77675,1.62725
1.852375,1.4735
1.8895,1.7625
1.9495,1.743625
1.8467500000000001,1.6103750000000001
1.717375,1.73
1.865875,1.643
1.8900000000000001,1.538
1.7195,1.7161250000000001
1.79,1.712875
1.921375,1.603375
1.79775,1.655125
1.74025,1.7015
1.8745,1.59925
1.841875,1.6475
1.764625,1.77675
1.873375,1.693625
1.858,1.58725
1.728625,1.68875
1.823125,1.60575
1.87725,1.5645
1.7573750000000001,1.7755
1.792875,1.737625
1.881375,1.566875
1.789125,1.714375
1.777875,1.731125
1.897375,1.5645
1.8142500000000001,1.63175
1.74275,1.770125
1.873375,1.68825
1.831,1.627125
1.73275,1.7377500000000001
1.878625,1.5995000000000001
1.846125,1.6035
1.729875,1.776125
1.846125,1.6495
1.859875,1.6227500000000001
1.728375,1.70325
1.846375,1.646625
1.904375,1.569375
1.7485,1.70525
1.7513750000000001,1.718625
1.885375,1.603375
1.8138750000000001,1.702375
1.75725,1.7665
1.85225,1.6303750000000001
1.790875,1.6423750000000001
1.709,1.732375
1.8415000000000001,1.5818750000000001
1.84925,1.5965
1.701,1.76225
1.7810000000000001,1.6435
1.85925,1.585375
1.725875,1.778
1.727875,1.716
1.838375,1.487625
1.739875,1.6560000000000001
1.7835,1.737
1.878875,1.637875
1.759625,1.71
1.70725,1.748
1.812875,1.5785
1.78275,1.621875
1.7045000000000001,1.767625
1.826875,1.64475
1.81875,1.598
1.667,1.763875
1.7445,1.621875
1.81325,1.5305
1.704,1.7485
1.7317500000000001,1.7785
1.834,1.5735000000000001
1.69725,1.649875
1.6520000000000001,1.739125
1.830125,1.6355
1.786,1.679
1.65225,1.7775
1.79975,1.650875
1.813,1.602125
1.6676250000000001,1.7557500000000001
1.7493750000000001,1.68075
1.781125,1.5758750000000001
1.65325,1.729
1.7405,1.645
1.793,1.6071250000000001
1.643,1.7437500000000001
1.667125,1.7377500000000001
1.796,1.592625
1.712,1.71325
1.66875,1.779625
1.79075,1.640125
1.733625,1.634125
1.621375,1.737
1.748,1.6365
1.75625,1.5811250000000001
1.617125,1.749625
1.714625,1.7095
1.773625,1.5210000000000001
1.600875,1.582375
1.6616250000000001,1.7395
1.802375,1.695125
1.68675,1.748125
1.615875,1.74925
1.738875,1.595875
1.688625,1.6420000000000001
1.594125,1.7855
1.74625,1.633625
1.6925000000000001,1.633875
1.580125,1.76125
1.7135,1.6555
1.7381250000000001,1.57675
1.595625,1.735875
1.685375,1.688625
1.746625,1.578875
1.598,1.727625
1.618625,1.71325
1.7530000000000001,1.57825
1.6560000000000001,1.6748750000000001
1.582,1.73825
1.70325,1.59775
1.6748750000000001,1.631
1.582375,1.815125
1.709,1.69875
1.71825,1.6135
1.564875,1.727875
1.66975,1.666375
1.73875,1.559125
1.582125,1.683
1.612,1.71175
1.734,1.58425
1.6425,1.706375
1.62725,1.7197500000000001
1.73125,1.6323750000000001
1.6355,1.737125
1.597875,1.736375
1.729375,1.562625
1.667875,1.613875
1.5715000000000001,1.73625
1.71025,1.67625
1.732875,1.629875
1.594875,1.7475
1.676375,1.6748750000000001
1.717875,1.5838750000000001
1.57975,1.721125
1.636625,1.7081250000000001
1.7435,1.5645
1.64075,1.614875
1.579,1.7055
1.726,1.68625
1.697375,1.756875
1.58975,1.8202500000000001
1.685375,1.612625
1.690375,1.596625
1.5835000000000001,1.78
1.676625,1.691125
1.705375,1.5695000000000001
1.552875,1.70125
1.6595,1.6440000000000001
1.734375,1.624625
1.5578750000000001,1.767875
1.606375,1.7417500000000001
1.726,1.547375
1.58775,1.6243750000000001
1.575,1.72875
1.735125,1.6772500000000001
1.668875,1.731875
1.567625,1.7733750000000001
1.695375,1.611875
1.6848750000000001,1.6007500000000001
1.5635000000000001,1.758
1.6696250000000001,1.664375
1.699375,1.5765
1.547375,1.763625
1.684,1.711375
1.7335,1.6075
1.571,1.737125
1.641125,1.7045000000000001
1.71225,1.57075
1.57325,1.713375
1.610125,1.72625
1.694375,1.51375
1.554125,1.682
1.612625,1.803
1.7355,1.634625
1.624,1.69675
1.558,1.754375
1.691875,1.596375
1.647875,1.63775
1.5645,1.7745
1.692125,1.650625
1.697625,1.60525
1.553125,1.7633750000000001
1.650125,1.69425
1.709625,1.555375
1.56175,1.69
1.604375,1.747
1.72525,1.63575
1.6143750000000001,1.708375
1.568375,1.727375
1.6905000000000001,1.571125
1.633625,1.6545
1.5425,1.78975
1.674375,1.656125
1.64725,1.636875
1.50725,1.757125
1.620125,1.688625
1.652625,1.606
1.4995,1.771625
1.576125,1.748375
1.6600000000000001,1.591375
1.519625,1.709625
1.527375,1.7595
1.66025,1.624625
1.566625,1.681625
1.498375,1.7555
1.6380000000000001,1.60825
1.61325,1.658625
1.523375,1.832625
1.66075,1.68575
1.666375,1.564375
1.50575,1.741875
1.627125,1.712
1.709,1.5991250000000001
1.57025,1.707875
1.581,1.7305
1.7075,1.6323750000000001
1.61425,1.724625
1.572625,1.760625
1.701,1.605375
1.641375,1.621625
1.560375,1.755625
1.7015,1.65525
1.6928750000000001,1.646875
1.56125,1.7926250000000001
1.683375,1.691625
1.726875,1.588
1.58525,1.7395
1.6395,1.6772500000000001
1.7121250000000001,1.568125
1.603875,1.75325
1.621,1.78175
1.751875,1.606125
1.661875,1.65525
1.582125,1.755125
1.72675,1.634625
1.690375,1.6455
1.576875,1.77625
1.702625,1.657875
1.719875,1.574375
1.584375,1.767125
1.674125,1.732875
1.7353750000000001,1.599875
1.58175,1.721375
1.624625,1.720375
1.755125,1.59825
1.65625,1.693875
1.61525,1.777625
1.7413750000000001,1.6255
1.6696250000000001,1.64325
1.583375,1.7633750000000001
1.7315,1.65125
1.71925,1.62725
1.589625,1.7730000000000001
1.690625,1.6535
1.7205000000000001,1.566
1.592125,1.74675
1.658625,1.754
1.754,1.589875
1.611875,1.6675
1.6151250000000001,1.74525
1.75125,1.6520000000000001
1.6555,1.71175
1.589375,1.78725
1.737,1.641875
1.708625,1.60925
1.583,1.75025
1.707375,1.63725
1.7205000000000001,1.586875
1.587,1.759875
1.675375,1.70325
1.7497500000000001,1.569375
1.605875,1.69
1.62,1.7421250000000001
1.753875,1.632625
1.65575,1.69475
1.58975,1.755625
1.732375,1.617875
1.697125,1.6315
1.575125,1.7610000000000001
1.69,1.651875
1.722,1.593625
1.591875,1.766375
1.6768750000000001,1.675875
1.733625,1.595375
1.600375,1.7497500000000001
1.6360000000000001,1.7317500000000001
1.746375,1.606125
1.65025,1.689375
1.604125,1.740875
1.725125,1.616875
1.679,1.6620000000000001
1.602,1.7693750000000001
1.732875,1.608375
1.70025,1.568625
1.5778750000000001,1.7710000000000001
1.720375,1.653125
1.691625,1.658875
1.607625,1.804375
1.74,1.661875
1.70975,1.62525
1.584375,1.7513750000000001
1.7115,1.64925
1.72925,1.575
1.581625,1.7341250000000001
1.6745,1.698625
1.72025,1.5662500000000001
1.57775,1.7265000000000001
1.6436250000000001,1.7145000000000001
1.721875,1.57025
1.582625,1.7125000000000001
1.6135,1.729375
1.7381250000000001,1.599875
1.63575,1.697875
1.5905,1.724875
1.716625,1.565
1.6716250000000001,1.654625
1.594875,1.813125
1.7221250000000001,1.660125
1.7161250000000001,1.5545
1.5745,1.7361250000000001
1.68375,1.6892500000000001
1.7497500000000001,1.5915000000000001
1.601875,1.7185000000000001
1.6476250000000001,1.683625
1.749875,1.568
1.63125,1.715375
1.61125,1.775875
1.75875,1.606
1.69175,1.606625
1.572125,1.72525
1.7135,1.628875
1.727875,1.608375
1.576875,1.740375
1.6655,1.663875
1.74,1.567625
1.6085,1.725625
1.63525,1.7255
1.7513750000000001,1.589375
1.6335,1.6540000000000001
1.591375,1.68475
1.741625,1.6456250000000001
1.703625,1.67475
1.594,1.76
1.71275,1.649125
1.729875,1.58575
1.593625,1.708625
1.67025,1.6536250000000001
1.749,1.5951250000000001
1.6227500000000001,1.74025
1.65375,1.6945000000000001
1.726625,1.549125
1.618625,1.674125
1.620875,1.71625
1.746875,1.590125
1.660625,1.6572500000000001
1.59175,1.742625
1.737125,1.60575
1.6828750000000001,1.59225
1.5778750000000001,1.75225
1.735625,1.654125
1.720375,1.625625
1.592125,1.7217500000000001
1.71875,1.6075
1.719125,1.6323750000000001
1.597,1.764375
1.721,1.6320000000000001
1.7261250000000001,1.573
1.575625,1.719625
1.683125,1.65175
1.758125,1.560625
1.615375,1.738
1.6645,1.692375
1.750375,1.55375
1.608875,1.710375
1.64025,1.71375
1.7435,1.57275
1.64875,1.66225
1.6215,1.73625
1.73625,1.605375
1.672125,1.65325
1.593,1.7455
1.733375,1.6235
1.705125,1.614875
1.57875,1.758125
1.707875,1.6520000000000001
1.729375,1.52525
1.565125,1.676625
1.677,1.729125
1.767875,1.608625
1.606625,1.691375
1.62375,1.68625
1.741125,1.55125
1.6300000000000001,1.649875
1.608,1.752125
1.75425,1.6175
1.676375,1.637875
1.641875,1.702625
1.7533750000000001,1.5115
1.632625,1.614
1.6125,1.768375
1.7495,1.6340000000000001
1.693375,1.648625
1.616125,1.733375
1.748,1.57825
1.671875,1.6263750000000001
1.598875,1.74
1.738875,1.585625
1.702625,1.605375
1.588625,1.744375
1.723375,1.63875
1.727,1.5625
1.56125,1.6736250000000001
1.679125,1.7035
1.755125,1.610625
1.6055,1.724625
1.6635,1.6620000000000001
1.731125,1.515125
1.596375,1.6765
1.6560000000000001,1.722
1.7455,1.581375
1.620625,1.681625
1.619,1.7065000000000001
1.749,1.5615
1.65975,1.657
1.599,1.7301250000000001
1.7377500000000001,1.5446250000000001
1.672375,1.615625
1.582125,1.76
1.72075,1.625875
1.689375,1.598
1.580375,1.751875
1.70725,1.6320000000000001
1.709,1.555375
1.574375,1.721875
1.6788750000000001,1.6692500000000001
1.7357500000000001,1.5622500000000001
1.59825,1.700125
1.64175,1.70025
1.7375,1.548125
1.617,1.647875
1.59775,1.726375
1.7577500000000001,1.59325
1.6868750000000001,1.6403750000000001
1.59525,1.73725
1.72925,1.57975
1.68375,1.5415
1.5945,1.777375
1.748875,1.6383750000000001
1.69625,1.6243750000000001
1.58275,1.744375
1.726625,1.62775
1.719375,1.581
1.5825,1.7141250000000001
1.694125,1.591625
1.72625,1.578625
1.598875,1.75225
1.68075,1.674
1.746375,1.545125
1.611,1.67
1.63225,1.674375
1.754,1.556875
1.650625,1.64825
1.59925,1.725375
1.7453750000000001,1.602375
1.690125,1.62975
1.582125,1.713625
1.715625,1.623
1.707375,1.629625
1.592625,1.73525
1.7065000000000001,1.61825
1.7235,1.57475
1.5891250000000001,1.75
1.72825,1.6187500000000001
1.718875,1.5811250000000001
1.5805,1.721375
1.691625,1.589625
1.703875,1.562875
1.585,1.756125
1.685,1.675
1.735625,1.5445
1.593625,1.721625
1.6425,1.6788750000000001
1.74825,1.5286250000000001
1.62575,1.672125
1.6383750000000001,1.722375
1.762375,1.588875
1.645375,1.652125
1.58925,1.7181250000000001
1.739,1.56925
1.67,1.6067500000000001
1.5785,1.751125
1.74,1.627
1.719,1.586
1.57975,1.718625
1.7305,1.645125
1.738875,1.566375
1.5945,1.752125
1.712375,1.672125
1.7415,1.583625
1.591375,1.6895
1.657875,1.665875
1.751625,1.566125
1.628125,1.6865
1.633125,1.698
1.7510000000000001,1.569
1.655875,1.6285
1.603375,1.729375
1.744,1.594375
1.70725,1.555125
1.5955000000000001,1.7497500000000001
1.72275,1.6676250000000001
1.74525,1.57725
1.602875,1.71925
1.672375,1.674625
1.75,1.54075
1.619,1.64625
1.620875,1.7237500000000001
1.75675,1.6107500000000001
1.665375,1.644125
1.592125,1.71275
1.73025,1.593375
1.657875,1.647875
1.6071250000000001,1.739125
1.75925,1.625375
1.719125,1.6283750000000001
1.59625,1.7415
1.71925,1.61925
1.722625,1.544125
1.600125,1.70775
1.7015,1.670875
1.76325,1.550125
1.616125,1.665
1.632625,1.690625
1.766375,1.58125
1.681625,1.654375
1.608625,1.7125000000000001
1.7445,1.590375
1.717,1.602
1.6011250000000001,1.7585
1.729,1.659875
1.7495,1.572625
1.599625,1.71425
1.6765,1.6615
1.7590000000000001,1.529375
1.6423750000000001,1.6732500000000001
1.660875,1.6965000000000001
1.756875,1.5342500000000001
1.633125,1.680375
1.642125,1.7297500000000001
1.76,1.5815000000000001
1.659875,1.656875
1.6051250000000001,1.71825
1.7573750000000001,1.56975
1.6928750000000001,1.587
1.5991250000000001,1.76575
1.7493750000000001,1.638625
1.717625,1.59925
1.592375,1.714625
1.73325,1.6067500000000001
1.72525,1.56475
1.595375,1.7197500000000001
1.70875,1.648375
1.73925,1.5465
1.6015,1.7108750000000001
1.675375,1.680625
1.756625,1.545125
1.6175,1.671
1.621,1.6736250000000001
1.75,1.5478750000000001
1.6540000000000001,1.6363750000000001
1.6051250000000001,1.734
1.7597500000000001,1.61325
1.69875,1.611
1.5855000000000001,1.705625
1.701,1.604375
1.720875,1.58425
1.6025,1.72875
1.707125,1.6455
1.751875,1.5558750000000001
1.60225,1.69225
1.654375,1.6775
1.754375,1.548375
1.6465,1.659
1.618125,1.69225
1.74525,1.567375
1.674625,1.6456250000000001
1.6047500000000001,1.746
1.742625,1.59075
1.7101250000000001,1.572125
1.582375,1.709
1.713875,1.626875
1.748,1.57475
1.599625,1.71825
1.678625,1.634625
1.7475,1.515875
1.617,1.6796250000000001
1.648375,1.721375
1.748375,1.563625
1.6320000000000001,1.606125
1.622625,1.70175
1.7593750000000001,1.630125
1.6888750000000001,1.649875
1.590125,1.731875
1.7405,1.6143750000000001
1.7373750000000001,1.57975
1.592,1.719875
1.6988750000000001,1.63725
1.739875,1.53775
1.594375,1.70575
1.6636250000000001,1.694375
1.753125,1.563625
1.63325,1.687375
1.6263750000000001,1.680625
1.733875,1.541125
1.6505,1.6872500000000001
1.623125,1.7575
1.760625,1.587625
1.674125,1.609
1.591875,1.725
1.7417500000000001,1.596125
1.701,1.6047500000000001
1.588,1.739625
1.73925,1.570625
1.685625,1.57075
1.58275,1.75075
1.722625,1.663375
1.7525,1.5625
1.593625,1.725125
1.6832500000000001,1.64625
1.736,1.534125
1.6027500000000001,1.700375
1.672625,1.688375
1.7397500000000001,1.5635000000000001
1.61125,1.70525
1.6560000000000001,1.675125
1.744625,1.540375
1.627,1.662625
1.618125,1.71275
1.7477500000000001,1.576375
1.674375,1.645
1.601625,1.7453750000000001
1.729625,1.5955000000000001
1.6868750000000001,1.611375
1.589875,1.7505
1.7285,1.6227500000000001
1.7161250000000001,1.577375
1.5775000000000001,1.717125
1.710625,1.595375
1.7025000000000001,1.603
1.5915000000000001,1.7597500000000001
1.7205000000000001,1.61
1.72275,1.5545
1.582875,1.75825
1.7,1.6755
1.74025,1.564875
1.589375,1.7
1.673,1.6596250000000001
1.746875,1.553
1.61175,1.707875
1.65225,1.6768750000000001
1.741,1.560125
1.61575,1.67975
1.627,1.715375
1.76225,1.596
1.665875,1.6535
1.610125,1.71075
1.74275,1.566375
1.6685,1.617375
1.592875,1.732625
1.74325,1.612875
1.69825,1.6095
1.5891250000000001,1.724
1.729,1.5785
1.676125,1.588125
1.597625,1.735125
1.7355,1.613625
1.68225,1.62375
1.59275,1.74625
1.727,1.631
1.725,1.54575
1.569125,1.71275
1.670375,1.685
1.7513750000000001,1.567375
1.616,1.70025
1.641375,1.697
1.751625,1.555
1.64025,1.6460000000000001
1.5995000000000001,1.727125
1.7417500000000001,1.604375
1.687125,1.61575
1.572125,1.7261250000000001
1.70875,1.620625
1.736375,1.558625
1.5991250000000001,1.731125
1.688125,1.67425
1.745,1.539
1.5851250000000001,1.7065000000000001
1.69575,1.643875
1.749875,1.58
1.61175,1.72275
1.65275,1.689375
1.7357500000000001,1.53875
1.632625,1.68025
1.6363750000000001,1.74275
1.76075,1.58375
1.67375,1.634875
1.5905,1.754875
1.737125,1.6255
1.739875,1.553375
1.59825,1.7237500000000001
1.695,1.66575
1.75075,1.546875
1.606125,1.6965000000000001
1.645375,1.7121250000000001
1.7635,1.570375
1.64325,1.645
1.604625,1.72825
1.748375,1.6071250000000001
1.678625,1.594375
1.5545,1.709125
1.69875,1.65025
1.67975,1.6227500000000001
1.55275,1.7455
1.662375,1.6345
1.67975,1.55175
1.543875,1.704375
1.615625,1.675125
1.695625,1.5615
1.566375,1.695625
1.566,1.707125
1.679125,1.58025
1.574125,1.66025
1.525625,1.73075
1.67375,1.619625
1.642625,1.627625
1.543,1.7435
1.69425,1.606125
1.662375,1.591375
1.546,1.72625
1.707375,1.6283750000000001
1.6988750000000001,1.580625
1.567625,1.7101250000000001
1.676375,1.64625
1.715,1.5745
1.56975,1.717625
1.652625,1.6595
1.7165000000000001,1.549
1.575625,1.732375
1.64825,1.6808750000000001
1.70425,1.5426250000000001
1.558875,1.706375
1.623,1.6732500000000001
1.709875,1.556375
1.5735000000000001,1.6792500000000001
1.588625,1.6885000000000001
1.698625,1.57325
1.594125,1.691
1.572625,1.741
1.701875,1.5738750000000001
1.63275,1.6287500000000001
1.567125,1.7375
1.7121250000000001,1.587375
1.66275,1.5935000000000001
1.572875,1.743625
1.713625,1.6207500000000001
1.688125,1.582625
1.572625,1.709375
1.720375,1.654125
1.7393750000000001,1.6035
1.584375,1.742875
1.70525,1.63975
1.743875,1.5615
1.603875,1.71625
1.718,1.624625
1.734375,1.558375
1.6105,1.7613750000000001
1.731375,1.666625
1.753625,1.574875
1.6,1.743625
1.7065000000000001,1.6756250000000001
1.77,1.552125
1.61925,1.714625
1.6785,1.664125
1.751125,1.533875
1.6375,1.7185000000000001
1.6715,1.754
1.782375,1.57325
1.666,1.6215
1.602125,1.7295
1.76325,1.6260000000000001
1.7415,1.605875
1.624875,1.729875
1.7510000000000001,1.617625
1.744875,1.5925
1.611375,1.755875
1.724625,1.6323750000000001
1.716625,1.53
1.6071250000000001,1.766875
1.750125,1.68025
1.77,1.571625
1.609,1.719125
1.708375,1.632125
1.761625,1.526875
1.631,1.731
1.6775,1.73075
1.777875,1.571375
1.65175,1.6776250000000001
1.631125,1.728625
1.771625,1.577625
1.6895,1.62125
1.610125,1.7397500000000001
1.7515,1.627
1.722875,1.617
1.603,1.7605
1.727875,1.642625
1.754,1.579375
1.60525,1.716875
1.703,1.656875
1.7666250000000001,1.548125
1.623625,1.690125
1.65175,1.729375
1.763125,1.577
1.624625,1.69725
1.6475,1.696
1.7595,1.5515
1.653875,1.65825
1.616125,1.733875
1.7635,1.604625
1.704375,1.643875
1.6105,1.7635
1.7405,1.6225
1.723125,1.570125
1.589375,1.7345
1.713,1.670125
1.753125,1.5642500000000001
1.6067500000000001,1.713125
1.67575,1.68575
1.7653750000000001,1.574875
1.640125,1.700375
1.6496250000000001,1.7141250000000001
1.7575,1.571125
1.654125,1.649125
1.612125,1.72025
1.767875,1.59575
1.704375,1.62525
1.60225,1.7650000000000001
1.772125,1.598375
1.6952500000000001,1.641375
1.604,1.7217500000000001
1.7505,1.586625
1.723625,1.6245
1.6123750000000001,1.781125
1.736875,1.6612500000000001
1.73425,1.57725
1.589375,1.682
1.6735,1.6255
1.75075,1.58675
1.6265,1.74475
1.652875,1.677
1.75625,1.573375
1.661,1.696125
1.63925,1.750625
1.75325,1.6047500000000001
1.67,1.6423750000000001
1.6,1.74275
1.742875,1.6183750000000001
1.708,1.599875
1.570875,1.71575
1.719375,1.623875
1.7445,1.4875
1.587875,1.739625
1.716875,1.7175
1.7485,1.62375
1.5987500000000001,1.73625
1.696,1.604125
1.71475,1.4508750000000001
1.56075,1.675375
1.7161250000000001,1.751625
1.79325,1.652875
1.63375,1.7515
1.657125,1.70975
1.744625,1.569125
1.635375,1.643125
1.605,1.69475
1.750375,1.608875
1.687875,1.62325
1.588375,1.72875
1.726,1.6260000000000001
1.7357500000000001,1.58075
1.600625,1.7335
1.685125,1.639
1.723,1.518125
1.567625,1.66475
1.6496250000000001,1.74075
1.78775,1.6203750000000001
1.6605,1.657875
1.6035,1.6935
1.725125,1.59325
1.68975,1.69275
1.604875,1.685625
1.71025,1.5495
1.7205000000000001,1.6255
1.614625,1.725
1.690125,1.631625
1.7373750000000001,1.59775
1.597625,1.6935
1.6485,1.577625
1.739125,1.5286250000000001
1.64625,1.733875
1.578875,1.665125
1.730875,1.56725
1.698125,1.691125
1.605375,1.783375
1.715,1.45275
1.685875,1.502875
1.585625,1.86025
1.703125,1.668375
1.7485,1.484375
1.553375,1.528875
1.60175,1.698125
1.7822500000000001,1.675125
1.67,1.7275
1.628625,1.719625
1.73225,1.46175
1.630875,1.5035
1.541125,1.7497500000000001
1.760875,1.650625
1.6852500000000001,1.5350000000000001
1.606375,1.8055
1.7535,1.570125
1.6463750000000001,1.54125
1.529625,1.70175
1.756375,1.7068750000000001
1.7281250000000001,1.52975
1.555125,1.673
1.6685,1.487125
1.70725,1.407125
1.587,1.888875
1.722625,1.803375
1.763625,1.492
1.53475,1.51675
1.702625,1.5515
1.76875,1.561125
1.573375,1.6592500000000001
1.64375,1.567375
1.74075,1.683875
1.661125,1.870125
1.6825,1.784375
1.7125000000000001,1.21225
1.539625,1.417125
1.67375,1.91175
1.814625,1.633375
1.652375,1.586125
1.5322500000000001,1.667875
1.692,1.68575
1.7201250000000001,1.6752500000000001
1.5838750000000001,1.619125
1.73025,1.62925
1.6888750000000001,1.2805
1.480375,1.874
1.778375,1.781375
1.7453750000000001,1.480875
1.5455,1.84775
1.717125,1.684375
1.669875,1.3715
1.594375,1.827125
1.749625,1.6792500000000001
1.662875,1.5226250000000001
1.616625,1.76375
1.654875,1.634875
1.772,1.68175
1.633875,1.729125
1.62925,1.5838750000000001
1.757625,1.6615
1.5745,1.625375
1.6087500000000001,1.89725
1.851375,1.4997500000000001
1.574,1.541125
1.5655000000000001,1.996375
1.822125,1.57025
1.61325,1.5322500000000001
1.598625,1.8085
1.794875,1.418625
1.588625,1.748
1.6295,1.979875
1.8045,1.3885
1.644875,1.626625
1.5658750000000001,1.808
1.629625,1.58475
1.7595,1.653875
1.696125,1.745875
1.615875,1.576375
1.67175,1.643375
1.6476250000000001,1.7645
1.675375,1.55475
1.6555,1.721875
1.5825,1.793625
1.706375,1.6067500000000001
1.75125,1.598625
1.641,1.8055
1.6315,1.76025
1.70775,1.256125
1.63525,1.756125
1.650875,1.9165
1.664875,1.5675000000000001
1.6848750000000001,1.4835
1.57225,1.837375
1.732375,1.8338750000000001
1.7565,1.473375
1.5173750000000001,1.627875
1.683625,1.647
1.80375,1.58175
1.663125,1.77125
1.6463750000000001,1.721125
1.684125,1.6091250000000001
1.59425,1.5947500000000001
1.616625,1.707875
1.8275000000000001,1.838875
1.6748750000000001,1.624875
1.5455,1.675375
1.8102500000000001,1.762
1.663375,1.77225
1.6087500000000001,1.70525
1.7517500000000001,1.5455
1.6888750000000001,1.6103750000000001
1.648125,1.975125
1.70575,1.4408750000000001
1.671,1.537125
1.70825,2.008625
1.56975,1.79275
1.808125,1.75425
1.762875,1.58125
1.554375,1.80775
1.804125,1.808625
1.7922500000000001,1.359875
1.49425,1.64325
1.777125,1.8983750000000001
1.66475,1.574125
1.533625,1.857625
1.850625,1.9555
1.7866250000000001,1.365625
1.4621250000000001,1.717125
1.718875,2.021875
1.765875,1.376125
1.5558750000000001,1.34275
1.726875,2.0615
1.818125,1.607875
1.58875,1.7475
1.65275,1.96525
1.64475,1.418125
1.636875,1.6383750000000001
1.776,2.007375
1.7610000000000001,1.68425
1.5965,1.517625
1.6445,1.79925
1.74725,1.59625
1.601,1.2750000000000001
1.6812500000000001,1.7910000000000001
1.6636250000000001,1.8
1.71275,1.684375
1.72025,1.998875
1.585625,1.755875
1.619375,1.4895
1.885,1.8345
1.706625,1.8291250000000001
1.597875,1.554875
1.681875,1.686375
1.492875,1.456
1.7115,1.724375
1.8885,1.589625
1.554875,1.842125
1.597875,1.9915
1.804,1.58875
1.5995000000000001,1.92575
1.6788750000000001,2.00325
1.840875,1.40075
1.536,1.1495
1.5426250000000001,1.9781250000000001
1.827125,1.579625
1.642125,1.4895
1.6015,2.068
1.717125,1.872
1.813375,1.621375
1.670875,1.739875
1.538875,1.914375
1.763875,1.6187500000000001
1.636875,1.6832500000000001
1.6423750000000001,1.98225
1.840625,1.570375
1.72725,0.980625
1.545,1.958625
1.623,2.1313750000000002
1.64075,1.653125
1.6383750000000001,1.7866250000000001
1.7597500000000001,1.786125
1.832125,1.7565
1.662625,1.787125
1.537625,1.347
1.59075,1.756125
1.836875,1.96175
1.738625,1.8905
1.7337500000000001,1.81325
1.70425,1.629125
1.4621250000000001,1.077
1.466875,1.0050000000000001
1.63425,1.91825
1.760125,2.523
1.780875,2.0145
1.7710000000000001,1.510375
1.635375,1.686
1.59925,1.892125
1.7870000000000001,1.71225
1.7317500000000001,1.675375
1.595375,1.81375
1.7453750000000001,1.72125
1.753625,1.65675
1.578625,1.791375
1.6540000000000001,1.56125
1.690125,1.547
1.609375,1.901375
1.70825,1.85325
1.783875,1.570375
1.531125,1.6616250000000001
1.512125,1.5865
1.752,1.56475
1.7455,1.7517500000000001
1.63725,1.845625
1.70625,1.71275
1.6415,1.6908750000000001
1.5166250000000001,1.685
1.6965000000000001,1.593375
1.58475,1.586375
1.320625,1.738625
1.5625,1.6165
1.834125,1.542875
1.75225,1.779625
1.67575,1.7902500000000001
1.704625,1.5595
1.547375,1.584
1.555375,1.635625
1.7505,1.6045
1.686125,1.6932500000000001
1.566875,1.78925
1.699,1.672
1.66475,1.628875
1.488875,1.788375
1.673875,1.625625
1.6636250000000001,1.5033750000000001
1.5442500000000001,1.6692500000000001
1.6087500000000001,1.602
1.69975,1.592375
1.645875,1.7495
1.635625,1.70975
1.6728750000000001,1.543375
1.598375,1.621125
1.559625,1.7135
1.74725,1.599625
1.674375,1.599
1.544875,1.746
1.701125,1.5831250000000001
1.6420000000000001,1.477875
1.514875,1.7413750000000001
1.7241250000000001,1.697
1.779125,1.546875
1.57425,1.677375
1.6275,1.659375
1.711,1.5305
1.584625,1.649875
1.6225,1.63675
1.69675,1.49875
1.57725,1.5871250000000001
1.600375,1.71075
1.74725,1.575125
1.616,1.5825
1.551125,1.61825
1.725375,1.638125
1.685375,1.681
1.5838750000000001,1.7245000000000001
1.708625,1.552375
1.660125,1.5562500000000001
1.5426250000000001,1.7305
1.619125,1.6163750000000001
1.693,1.535375
1.588875,1.68625
1.689,1.61425
1.711,1.545375
1.5505,1.6556250000000001
1.645875,1.509125
1.697125,1.5173750000000001
1.5811250000000001,1.7710000000000001
1.62725,1.699
1.7295,1.488875
1.607,1.5955000000000001
1.583375,1.6965000000000001
1.741125,1.5655000000000001
1.627,1.6163750000000001
1.570125,1.667
1.7277500000000001,1.540125
1.65375,1.58275
1.53375,1.728875
1.71675,1.592625
1.71475,1.48275
1.53925,1.6832500000000001
1.6776250000000001,1.65975
1.725875,1.529625
1.567375,1.648375
1.63525,1.62125
1.725625,1.51475
1.597625,1.6752500000000001
1.6125,1.660375
1.7361250000000001,1.52575
1.61725,1.620875
1.572625,1.674
1.721,1.548125
1.686625,1.58575
1.574,1.6748750000000001
1.738625,1.5017500000000001
1.65775,1.577375
1.570625,1.70325
1.707625,1.553
1.6640000000000001,1.4957500000000001
1.570875,1.71625
1.7237500000000001,1.6223750000000001
1.72125,1.557
1.550375,1.7065000000000001
1.68075,1.6071250000000001
1.737,1.48425
1.594125,1.6815
1.63825,1.6635
1.740875,1.51025
1.6167500000000001,1.6165
1.5871250000000001,1.690125
1.73,1.550125
1.681375,1.567625
1.58925,1.6815
1.714375,1.55525
1.678375,1.52825
1.566625,1.751875
1.714,1.65175
1.7297500000000001,1.5402500000000001
1.576875,1.689125
1.66825,1.6127500000000001
1.729125,1.46125
1.58575,1.633125
1.64075,1.691625
1.7337500000000001,1.49125
1.5935000000000001,1.621
1.5825,1.7221250000000001
1.7175,1.566125
1.59325,1.61575
1.53775,1.699875
1.7035,1.5645
1.63475,1.605375
1.52025,1.701625
1.6540000000000001,1.569
1.648125,1.5785
1.52175,1.724375
1.624125,1.604
1.649875,1.51375
1.497,1.685875
1.5831250000000001,1.6515
1.675,1.5175
1.546125,1.6455
1.556,1.67825
1.6995,1.536375
1.6185,1.6260000000000001
1.5622500000000001,1.721375
1.705375,1.575375
1.6616250000000001,1.562125
1.553125,1.7045000000000001
1.67075,1.596375
1.707,1.514625
1.58475,1.718375
1.6616250000000001,1.68275
1.74,1.5326250000000001
1.597625,1.652125
1.6031250000000001,1.67425
1.742375,1.533625
1.66875,1.600125
1.599375,1.7041250000000001
1.7275,1.57925
1.715375,1.5895000000000001
1.589875,1.721
1.7,1.6243750000000001
1.71775,1.556
1.592125,1.7317500000000001
1.676125,1.681375
1.7733750000000001,1.516875
1.638625,1.61725
1.6071250000000001,1.6712500000000001
1.7437500000000001,1.555625
1.6815,1.60525
1.595875,1.6765
1.729625,1.5602500000000001
1.736625,1.61125
1.60025,1.7361250000000001
1.699625,1.633125
1.74525,1.547
1.608,1.693125
1.65975,1.681875
1.758625,1.543
1.6425,1.6545
1.6685,1.684125
1.76825,1.53025
1.64725,1.64575
1.6275,1.69775
1.758,1.549375
1.678625,1.611375
1.598125,1.68675
1.7433750000000001,1.598625
1.739625,1.65075
1.6235,1.749
1.733375,1.58425
1.72525,1.54075
1.59975,1.7237500000000001
1.710375,1.675
1.76375,1.560625
1.610125,1.683625
1.67175,1.643
1.759125,1.51175
1.6416250000000001,1.653125
1.689,1.683875
1.758625,1.55525
1.61575,1.692625
1.63525,1.685375
1.736625,1.5290000000000001
1.620125,1.6443750000000001
1.609375,1.754375
1.745875,1.6135
1.678625,1.63375
1.577625,1.7261250000000001
1.720625,1.6015
1.715625,1.630625
1.59925,1.751625
1.709875,1.6225
1.723125,1.563375
1.5975000000000001,1.731
1.698625,1.67
1.748375,1.55325
1.616625,1.689375
1.6636250000000001,1.678375
1.75525,1.526125
1.64025,1.687
1.63275,1.728875
1.749,1.563
1.662125,1.639875
1.6227500000000001,1.752125
1.7666250000000001,1.5967500000000001
1.69475,1.6107500000000001
1.608375,1.707625
1.74325,1.5915000000000001
1.73025,1.6151250000000001
1.6047500000000001,1.751875
1.719,1.6315
1.7421250000000001,1.542875
1.6125,1.7105000000000001
1.7008750000000001,1.6935
1.7670000000000001,1.56075
1.6335,1.6675
1.64325,1.6775
1.77825,1.577
1.675,1.6715
1.618,1.7493750000000001
1.76175,1.627375
1.7105000000000001,1.6445
1.61725,1.741625
1.743125,1.61575
1.723625,1.594
1.5955000000000001,1.750375
1.709,1.645375
1.752625,1.563375
1.611375,1.7285
1.7008750000000001,1.668625
1.758,1.56375
1.608875,1.701625
1.659875,1.72275
1.786875,1.606875
1.655125,1.71325
1.625375,1.712875
1.762125,1.56525
1.673375,1.65525
1.614875,1.740375
1.760625,1.604875
1.705625,1.63425
1.613,1.751625
1.752625,1.63625
1.7241250000000001,1.61425
1.59025,1.7625
1.707125,1.66825
1.7421250000000001,1.568
1.605,1.708375
1.68625,1.665875
1.74725,1.547125
1.607875,1.70575
1.6416250000000001,1.7421250000000001
1.7650000000000001,1.5987500000000001
1.6575,1.68075
1.610625,1.739
1.748375,1.6015
1.6792500000000001,1.63925
1.59725,1.7557500000000001
1.7397500000000001,1.62125
1.711375,1.622125
1.59325,1.75625
1.727,1.620875
1.723625,1.598625
1.5885,1.7670000000000001
1.696375,1.686625
1.743125,1.568375
1.6067500000000001,1.7241250000000001
1.6625,1.719375
1.7453750000000001,1.56925
1.6207500000000001,1.66775
1.6131250000000001,1.738375
1.7573750000000001,1.617375
1.675375,1.6425
1.5967500000000001,1.754875
1.74525,1.640625
1.7081250000000001,1.62725
1.5775000000000001,1.764
1.69975,1.646125
1.736625,1.57125
1.595,1.736
1.6792500000000001,1.698
1.74625,1.575125
1.619375,1.68625
1.627625,1.7155
1.754875,1.602375
1.651875,1.70525
1.6045,1.74275
1.72675,1.5818750000000001
1.662125,1.65375
1.596375,1.782
1.741625,1.6463750000000001
1.727,1.584375
1.57775,1.7395
1.6875,1.67975
1.73025,1.563625
1.60125,1.70475
1.665125,1.71025
1.757625,1.580875
1.6265,1.709875
1.6303750000000001,1.7285
1.7497500000000001,1.5695000000000001
1.65775,1.6440000000000001
1.603875,1.7625
1.75725,1.639375
1.71875,1.641125
1.607625,1.7653750000000001
1.723375,1.6425
1.715625,1.569375
1.578,1.72325
1.70075,1.66575
1.7537500000000001,1.593875
1.611,1.738875
1.658625,1.699125
1.7457500000000001,1.563
1.624125,1.698375
1.602875,1.756
1.731625,1.5875000000000001
1.68825,1.634875
1.613,1.76
1.73875,1.6445
1.71475,1.5885
1.577,1.7435
1.698125,1.683375
1.741125,1.56075
1.591375,1.71875
1.65875,1.719375
1.759125,1.572125
1.632125,1.672625
1.607875,1.729
1.7475,1.592625
1.6775,1.619375
1.578125,1.731875
1.71725,1.636625
1.714625,1.6195
1.590375,1.757625
1.6985000000000001,1.6795
1.7413750000000001,1.5655000000000001
1.57725,1.693125
1.638625,1.6995
1.7433750000000001,1.565625
1.6175,1.659125
1.6075,1.7115
1.7485,1.60425
1.667125,1.63925
1.578625,1.77125
1.738875,1.662625
1.7285,1.600875
1.576375,1.738875
1.682375,1.65875
1.750875,1.55725
1.600625,1.702125
1.669125,1.681625
1.7305,1.5506250000000001
1.606,1.73125
1.6600000000000001,1.727625
1.746625,1.562
1.618125,1.63675
1.598125,1.69575
1.76075,1.580875
1.64775,1.7095
1.6107500000000001,1.702375
1.735,1.53975
1.630125,1.6785
1.6435,1.740625
1.751875,1.58525
1.658625,1.65225
1.590375,1.745
1.728375,1.62525
1.69625,1.59925
1.58925,1.76175
1.717625,1.65675
1.73725,1.570125
1.588625,1.714
1.675,1.695125
1.750125,1.582625
1.6125,1.700625
1.623125,1.70525
1.755625,1.5965
1.662375,1.681125
1.61975,1.750875
1.7515,1.601
1.674,1.622
1.592875,1.76025
1.7493750000000001,1.6280000000000001
1.709,1.5965
1.5725,1.731375
1.7028750000000001,1.646625
1.74025,1.5735000000000001
1.595625,1.72625
1.66775,1.693625
1.745,1.560875
1.6245,1.6805
1.635625,1.719875
1.75425,1.575375
1.66225,1.6540000000000001
1.600375,1.727625
1.742625,1.594
1.68675,1.5995000000000001
1.57425,1.7555
1.719,1.662125
1.720625,1.60975
1.58175,1.73675
1.683,1.6495
1.74125,1.557625
1.6103750000000001,1.7261250000000001
1.666,1.696
1.7335,1.5265
1.597875,1.6732500000000001
1.642625,1.7381250000000001
1.7633750000000001,1.605
1.64575,1.679875
1.586375,1.75225
1.73925,1.60175
1.68275,1.599375
1.57375,1.743
1.714625,1.648875
1.725125,1.609
1.56875,1.72075
1.68025,1.633875
1.7437500000000001,1.55725
1.5947500000000001,1.7141250000000001
1.635625,1.682625
1.733,1.527125
1.618,1.676
1.605,1.74075
1.7357500000000001,1.60375
1.662125,1.649125
1.596125,1.746625
1.740375,1.6227500000000001
1.69825,1.624875
1.57675,1.74725
1.7145000000000001,1.635
1.714,1.57475
1.580875,1.7255
1.6796250000000001,1.675
1.72225,1.5662500000000001
1.5785,1.701875
1.64725,1.712625
1.7517500000000001,1.580625
1.6340000000000001,1.695875
1.608,1.717625
1.744625,1.57075
1.672375,1.63375
1.587375,1.732375
1.727625,1.59975
1.70075,1.617375
1.58775,1.779875
1.711625,1.65175
1.731375,1.57275
1.587375,1.726875
1.696125,1.655875
1.7221250000000001,1.58425
1.5798750000000001,1.7045000000000001
1.669,1.655125
1.740875,1.5578750000000001
1.607,1.717375
1.63475,1.673
1.738,1.5166250000000001
1.643,1.719
1.621625,1.781875
1.74725,1.605625
1.671875,1.625125
1.58925,1.74725
1.750125,1.6215
1.68475,1.6185
1.57475,1.7217500000000001
1.72525,1.60375
1.703375,1.59775
1.584,1.777625
1.721625,1.652375
1.732875,1.5582500000000001
1.584125,1.7225000000000001
1.6725,1.689875
1.7445,1.567375
1.599,1.666375
1.637375,1.703
1.7746250000000001,1.590375
1.660125,1.669875
1.61175,1.71525
1.74725,1.58075
1.6655,1.660625
1.596,1.735625
1.72625,1.579375
1.69275,1.612625
1.603625,1.75925
1.745,1.6263750000000001
1.697625,1.603625
1.580375,1.734375
1.72125,1.608625
1.710375,1.5598750000000001
1.584,1.7415
1.716625,1.679125
1.758125,1.571625
1.5905,1.7068750000000001
1.6705,1.6592500000000001
1.74425,1.554375
1.61975,1.717125
1.6575,1.7105000000000001
1.756875,1.565375
1.64125,1.666375
1.606125,1.695375
1.73725,1.57875
1.6765,1.675875
1.612,1.757125
1.7413750000000001,1.58325
1.66875,1.6007500000000001
1.585875,1.766875
1.72875,1.650875
1.727,1.566125
1.57425,1.707875
1.68575,1.683625
1.758875,1.557625
1.6085,1.6852500000000001
1.61825,1.7141250000000001
1.7445,1.6
1.657125,1.687
1.610875,1.746125
1.73875,1.589875
1.697875,1.588875
1.580375,1.74
1.702625,1.66075
1.751875,1.585875
1.603,1.71075
1.659,1.68975
1.748875,1.568375
1.6423750000000001,1.689875
1.6175,1.7201250000000001
1.7393750000000001,1.58025
1.6755,1.64525
1.604375,1.731125
1.752125,1.613625
1.692,1.63475
1.592875,1.747
1.721125,1.640875
1.73,1.5855000000000001
1.597625,1.74025
1.6948750000000001,1.687625
1.753125,1.556875
1.6155,1.6815
1.6260000000000001,1.71575
1.754,1.592875
1.659,1.6505
1.597625,1.7101250000000001
1.738,1.60225
1.697125,1.61325
1.58925,1.74
1.69875,1.63625
1.749625,1.5935000000000001
1.6115,1.75
1.67,1.668875
1.7385,1.5515
1.597375,1.696375
1.6415,1.687125
1.75,1.564875
1.610875,1.70125
1.64675,1.684625
1.7570000000000001,1.57025
1.6335,1.682
1.60525,1.73825
1.74525,1.58975
1.681375,1.64425
1.578625,1.743
1.712,1.600375
1.71775,1.6027500000000001
1.598375,1.754125
1.706625,1.65325
1.7397500000000001,1.5598750000000001
1.597375,1.715375
1.671875,1.671125
1.735625,1.5515
1.608875,1.681
1.6445,1.690375
1.75925,1.572375
1.653125,1.684375
1.60575,1.74075
1.742625,1.60425
1.675125,1.639625
1.578,1.721
1.724625,1.60425
1.70375,1.622625
1.596875,1.78025
1.7417500000000001,1.6340000000000001
1.693,1.6107500000000001
1.581625,1.759625
1.7197500000000001,1.629875
1.7257500000000001,1.5505
1.5685,1.702625
1.673,1.68825
1.7497500000000001,1.586
1.61825,1.710375
1.65275,1.69225
1.7275,1.5346250000000001
1.606625,1.657125
1.655875,1.718375
1.765625,1.571375
1.6355,1.65975
1.6071250000000001,1.72
1.7465,1.579375
1.65225,1.641875
1.58575,1.733875
1.7375,1.591375
1.684625,1.606125
1.587,1.763625
1.75025,1.584625
1.647125,1.663375
1.5951250000000001,1.735
1.720375,1.5815000000000001
1.66975,1.613
1.591375,1.75725
1.730625,1.645125
1.715875,1.59125
1.565625,1.7325
1.6752500000000001,1.6505
1.7275,1.55875
1.587375,1.71375
1.6455,1.708625
1.752375,1.557625
1.62175,1.66275
1.591375,1.741625
1.74475,1.601875
1.684375,1.600625
1.575375,1.7121250000000001
1.7337500000000001,1.633375
1.71175,1.6420000000000001
1.587,1.75425
1.71775,1.6335
1.7297500000000001,1.5718750000000001
1.588375,1.72625
1.6835,1.6476250000000001
1.731875,1.58275
1.599625,1.72125
1.661875,1.663
1.73075,1.5186250000000001
1.5845,1.698125
1.63825,1.729125
1.723625,1.562
1.58475,1.67425
1.5785,1.71475
1.696125,1.57775
1.595875,1.65625
1.52975,1.74525
1.68025,1.616
1.6185,1.6047500000000001
1.5025,1.7353750000000001
1.652875,1.65025
1.644625,1.604375
1.497,1.7321250000000001
1.66225,1.59125
1.594,1.6612500000000001
1.52475,1.757875
1.667875,1.61725
1.631625,1.613
1.5322500000000001,1.740375
1.67175,1.608625
1.6788750000000001,1.607375
1.552,1.7401250000000001
1.660375,1.635625
1.713,1.55675
1.57125,1.71475
1.625875,1.672375
1.730375,1.554125
1.6320000000000001,1.701
1.611,1.736375
1.706625,1.57825
1.655,1.637125
1.621125,1.732375
1.7397500000000001,1.596
1.665375,1.579
1.582,1.711875
1.7497500000000001,1.631375
1.721125,1.579625
1.5811250000000001,1.7285
1.721875,1.645
1.7517500000000001,1.545875
1.599,1.70525
1.68225,1.6788750000000001
1.762125,1.5385
1.63025,1.6572500000000001
1.6300000000000001,1.70425
1.7746250000000001,1.578
1.661,1.667
1.618875,1.687875
1.758375,1.563625
1.6908750000000001,1.656375
1.62125,1.76025
1.76075,1.582125
1.713625,1.586875
1.59,1.75275
1.740375,1.65425
1.758625,1.571
1.608875,1.7181250000000001
1.704375,1.66225
1.7593750000000001,1.55575
1.61725,1.70425
1.6545,1.6935
1.758375,1.553625
1.6592500000000001,1.666125
1.631625,1.748125
1.766375,1.596125
1.707625,1.598375
1.60925,1.7493750000000001
1.743,1.6495
1.738625,1.597625
1.5971250000000001,1.751125
1.707,1.66375
1.756125,1.5495
1.622125,1.712375
1.666375,1.7048750000000001
1.757125,1.5725
1.63225,1.6560000000000001
1.625125,1.71575
1.7765,1.617
1.707125,1.653
1.6007500000000001,1.735125
1.73425,1.636625
1.736,1.59025
1.6087500000000001,1.740875
1.711875,1.672625
1.765125,1.5605
1.612875,1.706
1.6476250000000001,1.7145000000000001
1.771125,1.555
1.64525,1.6525
1.61025,1.755125
1.768125,1.610125
1.7085000000000001,1.635125
1.604375,1.76425
1.740875,1.659375
1.74275,1.602125
1.604875,1.729125
1.70225,1.630625
1.748,1.574875
1.623625,1.72875
1.6696250000000001,1.71075
1.774,1.603375
1.6596250000000001,1.69375
1.6280000000000001,1.7505
1.768125,1.603
1.69475,1.623
1.59525,1.75525
1.744,1.6325
1.720625,1.5855000000000001
1.587,1.730875
1.70275,1.663
1.749125,1.574875
1.601875,1.712375
1.65325,1.695375
1.7445,1.571125
1.631125,1.7165000000000001
1.65975,1.70325
1.760375,1.574625
1.64375,1.6776250000000001
1.627,1.722625
1.759125,1.57825
1.6600000000000001,1.665875
1.604375,1.741
1.748875,1.585875
1.701625,1.639125
1.596875,1.7790000000000001
1.73,1.627875
1.7341250000000001,1.571
1.598625,1.73825
1.6985000000000001,1.6728750000000001
1.7433750000000001,1.5575
1.604125,1.711125
1.6696250000000001,1.6948750000000001
1.754375,1.546
1.6283750000000001,1.685375
1.622625,1.73475
1.756625,1.588125
1.671875,1.6496250000000001
1.598625,1.7633750000000001
1.743625,1.62525
1.68025,1.629875
1.582875,1.7457500000000001
1.719625,1.624625
1.707375,1.538875
1.55475,1.7301250000000001
1.706625,1.70725
1.7630000000000001,1.583375
1.58875,1.709875
1.6676250000000001,1.656625
1.6885000000000001,1.681
1.133625,1.8046250000000001
1.3345,1.719125
1.62725,1.561625
1.514625,1.718875
1.470375,1.76375
1.594125,1.5945
1.530375,1.64525
1.483375,1.752875
1.651,1.616875
1.6111250000000001,1.6235
1.499,1.747125
1.65375,1.623625
1.649375,1.596375
1.52875,1.735875
1.6605,1.635625
